time,sno,bikes,ebikes,empty,status,age
00:00:00,501201001,0,0,0,2,0
00:00:00,501201002,23,1,17,1,0
00:00:00,501201003,8,0,15,1,0
00:00:00,501201004,2,1,11,1,0
00:00:00,501201005,5,0,14,1,0
00:00:00,501201006,2,0,26,1,0
00:00:00,501201007,15,1,4,1,0
00:00:00,501201008,7,0,18,1,0
00:00:00,501201010,4,1,6,1,0
00:00:00,501201011,7,0,15,1,0
00:00:00,501201012,10,1,30,1,0
00:00:00,501201013,15,0,7,1,0
00:00:00,501201014,10,1,9,1,0
00:00:00,501201015,5,0,20,1,0
00:00:00,501201016,10,3,14,1,0
00:00:00,501201017,14,1,12,1,0
00:00:00,501201018,15,1,7,1,0
00:00:00,501201019,13,1,14,1,0
00:00:00,501201020,13,1,11,1,0
00:00:00,501201021,7,2,8,1,0
00:00:00,501201022,6,0,10,1,0
00:00:00,501201023,8,0,20,1,0
00:00:00,501201024,14,0,9,1,0
00:00:00,501201025,16,6,8,1,0
00:00:00,501201026,7,2,12,1,0
00:00:00,501201028,10,0,10,1,0
00:00:00,501201029,4,0,9,1,0
00:00:00,501201030,0,0,14,1,0
00:00:00,501201031,7,0,10,1,0
00:00:00,501202001,4,1,10,1,0
00:00:00,501202003,14,0,26,1,0
00:00:00,501202013,4,0,13,1,0
00:00:00,501202023,3,1,12,1,0
00:00:00,501202024,2,0,13,1,0
00:00:00,501202034,9,1,7,1,0
00:00:00,501202035,27,1,3,1,0
00:00:00,501202036,1,0,38,1,0
00:00:00,501202040,13,1,32,1,0
00:00:00,501202043,18,1,7,1,0
00:00:00,501202044,0,0,0,2,0
00:00:00,501202047,16,0,6,1,0
00:00:00,501202050,0,0,15,1,0
00:00:00,501202055,13,0,2,1,0
00:00:00,501202058,7,2,8,1,0
00:00:00,501202065,4,0,10,1,0
00:00:00,501202068,14,1,4,1,0
00:00:00,501202070,5,0,11,1,0
00:00:00,501202078,13,0,12,1,0
00:00:00,501202080,16,2,10,1,0
00:00:00,501202081,2,0,21,1,0
00:00:00,501202082,4,0,19,1,0
00:00:00,501202083,12,0,12,1,0
00:00:00,501202084,3,0,21,1,0
00:00:00,501202085,2,0,33,1,0
00:00:00,501202088,6,0,24,1,0
00:00:00,501202089,13,2,16,1,0
00:00:00,501202096,8,0,7,1,0
00:00:00,501203001,0,0,20,1,0
00:00:00,501203002,2,0,20,1,0
00:00:00,501203003,2,0,89,1,0
00:00:00,501203005,5,0,15,1,0
00:00:00,501203006,1,0,13,1,0
00:00:00,501203007,8,2,7,1,0
00:00:00,501203008,6,0,10,1,0
00:00:00,501203010,15,1,17,1,0
00:00:00,501203011,15,2,22,1,0
00:00:00,501203012,7,1,10,1,0
00:00:00,501203013,2,1,22,1,0
00:00:00,501203015,9,1,3,1,0
00:00:00,501203020,1,0,19,1,0
00:00:00,501203022,5,0,14,1,0
00:00:00,501203023,7,1,11,1,0
00:00:00,501203028,2,0,23,1,0
00:00:00,501203040,2,0,20,1,0
00:00:00,501203045,16,0,2,1,0
00:00:00,501203050,0,0,59,1,0
00:00:00,501203051,11,0,13,1,0
00:00:00,501203053,0,0,25,1,0
00:00:00,501203054,8,3,14,1,0
00:00:00,501203064,3,0,13,1,0
00:00:00,501203065,7,1,9,1,0
00:00:00,501203070,1,0,14,1,0
00:00:00,501203073,5,0,19,1,0
00:00:00,501203076,10,0,6,1,0
00:00:00,501203078,6,1,10,1,0
00:00:00,501203080,9,0,6,1,0
00:00:00,501203084,11,0,0,1,0
00:00:00,501203085,3,0,7,1,0
00:00:00,501203088,1,0,13,1,0
00:00:00,501203089,1,0,11,1,0
00:00:00,501203090,3,0,7,1,0
00:00:00,501203091,1,0,12,1,0
00:00:00,501203092,3,0,16,1,0
00:00:00,501203100,7,0,12,1,0
00:00:00,501203101,0,0,0,2,0
00:00:00,501203102,9,0,10,1,0
00:00:00,501203104,6,0,12,1,0
00:00:00,501203105,5,1,6,1,0
00:00:00,501203107,0,0,0,2,0
00:00:00,501203109,4,1,22,1,0
00:00:00,501203110,13,0,29,1,0
00:00:00,501203111,7,1,4,1,0
00:00:00,501203113,6,0,13,1,0
00:00:00,501203114,16,0,33,1,0
00:00:00,501203117,0,0,0,2,0
00:00:00,501203118,4,1,16,1,0
00:00:00,501203121,21,3,2,1,0
00:00:00,501203122,10,0,10,1,0
00:00:00,501203125,8,0,17,1,0
00:00:00,501203131,9,4,11,1,0
00:00:00,501203140,10,1,31,1,0
00:00:00,501203141,6,0,10,1,0
00:00:00,501203142,18,1,55,1,0
00:00:00,501203145,14,0,1,1,0
00:00:00,501203151,14,1,3,1,0
00:00:00,501203155,10,0,8,1,0
00:00:00,501203157,3,0,14,1,0
00:00:00,501203159,1,1,19,1,0
00:00:00,501203161,6,1,13,1,0
00:00:00,501203162,7,0,14,1,0
00:00:00,501203163,7,0,9,1,0
00:00:00,501204001,15,4,10,1,0
00:00:00,501204002,15,1,19,1,0
00:00:00,501204003,22,1,21,1,0
00:00:00,501204004,0,0,14,1,0
00:00:00,501204005,10,2,8,1,0
00:00:00,501204007,2,0,33,1,0
00:00:00,501204008,3,0,11,1,0
00:00:00,501204009,0,0,0,2,0
00:00:00,501204010,0,0,0,2,0
00:00:00,501204011,7,2,8,1,0
00:00:00,501204012,5,1,9,1,0
00:00:00,501204013,13,3,0,1,0
00:00:00,501204014,2,0,14,1,0
00:00:00,501204015,8,1,7,1,0
00:00:00,501204016,0,0,19,1,0
00:00:00,501204017,3,0,12,1,0
00:00:00,501204018,4,0,20,1,0
00:00:00,501204020,8,4,12,1,0
00:00:00,501204021,2,0,18,1,0
00:00:00,501204022,1,0,15,1,0
00:00:00,501204023,9,0,5,1,0
00:00:00,501204024,0,0,0,2,0
00:00:00,501204025,2,0,17,1,0
00:00:00,501205001,2,0,15,1,0
00:00:00,501205003,18,3,1,1,0
00:00:00,501205004,9,3,7,1,0
00:00:00,501205005,6,0,16,1,0
00:00:00,501205006,13,1,7,1,0
00:00:00,501205007,12,4,0,1,0
00:00:00,501205008,16,0,10,1,0
00:00:00,501205009,14,1,31,1,0
00:00:00,501205010,3,1,11,1,0
00:00:00,501205011,0,0,31,1,0
00:00:00,501205012,19,3,1,1,0
00:00:00,501205013,1,1,20,1,0
00:00:00,501205014,15,5,7,1,0
00:00:00,501205015,13,1,5,1,0
00:00:00,501205018,13,0,4,1,0
00:00:00,501205019,3,1,25,1,0
00:00:00,501205020,0,0,29,1,0
00:00:00,501205021,8,1,7,1,0
00:00:00,501205022,5,1,10,1,0
00:00:00,501205023,0,0,14,1,0
00:00:00,501205025,18,1,10,1,0
00:00:00,501205026,14,3,5,1,0
00:00:00,501205027,5,0,5,1,0
00:00:00,501205028,10,0,5,1,0
00:00:00,501205029,3,0,7,1,0
00:00:00,501205030,2,1,8,1,0
00:00:00,501205033,9,0,6,1,0
00:00:00,501205034,2,0,25,1,0
00:00:00,501205035,11,4,5,1,0
00:00:00,501205036,10,0,5,1,0
00:00:00,501205037,1,0,14,1,0
00:00:00,501205038,9,1,11,1,0
00:00:00,501205039,17,1,3,1,0
00:00:00,501205040,3,2,21,1,0
00:00:00,501205041,11,0,6,1,0
00:00:00,501205042,7,3,21,1,0
00:00:00,501208011,5,1,31,1,0
00:00:00,501208013,41,1,13,1,0
00:00:00,501208014,13,0,25,1,0
00:00:00,501208015,1,0,12,1,0
00:00:00,501208018,7,1,8,1,0
00:00:00,501208021,0,0,16,1,0
00:00:00,501208027,10,0,19,1,0
00:00:00,501208029,7,0,14,1,0
00:00:00,501208030,4,0,34,1,0
00:00:00,501208032,5,1,23,1,0
00:00:00,501208040,8,1,11,1,0
00:00:00,501208041,3,0,12,1,0
00:00:00,501208045,13,0,19,1,0
00:00:00,501208051,15,0,20,1,0
00:00:00,501208053,9,0,12,1,0
00:00:00,501208054,4,0,24,1,0
00:00:00,501208059,3,0,26,1,0
00:00:00,501208064,4,0,16,1,0
00:00:00,501208077,7,1,3,1,0
00:00:00,501208079,5,1,17,1,0
00:00:00,501208082,3,0,7,1,0
00:00:00,501208085,15,1,2,1,0
00:00:00,501208087,13,0,17,1,0
00:00:00,501208089,15,4,10,1,0
00:00:00,501208091,7,1,36,1,0
00:00:00,501208111,2,0,12,1,0
00:00:00,501208113,7,0,13,1,0
00:00:00,501208114,10,2,10,1,0
00:00:00,501208129,9,0,14,1,0
00:00:00,501208130,2,0,13,1,0
00:00:00,501209002,5,1,15,1,0
00:00:00,501209003,9,4,5,1,0
00:00:00,501209004,5,0,10,1,0
00:00:00,501209005,0,0,17,1,0
00:00:00,501209006,12,2,7,1,0
00:00:00,501209007,12,3,3,1,0
00:00:00,501209009,0,0,0,2,0
00:00:00,501209010,7,0,6,1,0
00:00:00,501209011,20,1,5,1,0
00:00:00,501209014,9,0,3,1,0
00:00:00,501209015,12,1,3,1,0
00:00:00,501209016,4,3,25,1,0
00:00:00,501209017,12,2,0,1,0
00:00:00,501209018,5,2,12,1,0
00:00:00,501209019,14,1,11,1,0
00:00:00,501209020,7,0,24,1,0
00:00:00,501209021,4,0,9,1,0
00:00:00,501209022,2,0,8,1,0
00:00:00,501209023,0,0,39,1,0
00:00:00,501209024,4,0,38,1,0
00:00:00,501209025,6,0,8,1,0
00:00:00,501209026,6,0,20,1,0
00:00:00,501209027,3,1,16,1,0
00:00:00,501209028,0,0,28,1,0
00:00:00,501209030,18,1,0,1,0
00:00:00,501209031,17,1,13,1,0
00:00:00,501209032,5,0,23,1,0
00:00:00,501209033,16,0,4,1,0
00:00:00,501209034,8,1,7,1,0
00:00:00,501209035,1,0,27,1,0
00:00:00,501209036,4,0,25,1,0
00:00:00,501209037,5,0,30,1,0
00:00:00,501209038,5,2,11,1,0
00:00:00,501209039,30,2,0,1,0
00:00:00,501209040,8,0,23,1,0
00:00:00,501209042,0,0,20,1,0
00:00:00,501209043,6,1,19,1,0
00:00:00,501209044,9,0,6,1,0
00:00:00,501209045,6,0,9,1,0
00:00:00,501209046,3,0,19,1,0
00:00:00,501209047,7,1,7,1,0
00:00:00,501209049,1,0,19,1,0
00:00:00,501209050,12,3,1,1,0
00:00:00,501209051,23,2,1,1,0
00:00:00,501209052,7,4,15,1,0
00:00:00,501209053,1,1,19,1,0
00:00:00,501209054,26,2,1,1,0
00:00:00,501209056,14,0,1,1,0
00:00:00,501209058,15,1,1,1,0
00:00:00,501209059,10,0,5,1,0
00:00:00,501209060,10,0,10,1,0
00:00:00,501209062,4,0,11,1,0
00:00:00,501209064,10,1,5,1,0
00:00:00,501209065,10,0,5,1,0
00:00:00,501209066,9,0,5,1,0
00:00:00,501209067,9,0,6,1,0
00:00:00,501209068,6,2,10,1,0
00:00:00,501209069,17,0,46,1,0
00:00:00,501209070,17,0,0,1,0
00:00:00,501209071,10,0,6,1,0
00:00:00,501209073,11,0,3,1,0
00:00:00,501209074,7,0,16,1,0
00:00:00,501209075,11,0,5,1,0
00:00:00,501209076,6,2,17,1,0
00:00:00,501209077,2,1,13,1,0
00:00:00,501209078,3,0,9,1,0
00:00:00,501209079,1,0,24,1,0
00:00:00,501209080,14,0,13,1,0
00:00:00,501209081,7,0,8,1,0
00:00:00,501209084,7,2,16,1,0
00:00:00,501209085,11,0,17,1,0
00:00:00,501209087,3,0,36,1,0
00:00:00,501209088,5,2,10,1,0
00:00:00,501209089,1,0,19,1,0
00:00:00,501209090,12,0,2,1,0
00:00:00,501209091,6,5,10,1,0
00:00:00,501209092,11,3,5,1,0
00:00:00,501209093,4,1,11,1,0
00:00:00,501209094,8,0,8,1,0
00:00:00,501209095,8,0,6,1,0
00:00:00,501209096,10,0,4,1,0
00:00:00,501209097,4,3,11,1,0
00:00:00,501209098,7,3,8,1,0
00:00:00,501209099,5,0,14,1,0
00:00:00,501209100,5,0,9,1,0
00:00:00,501209101,13,0,1,1,0
00:00:00,501209102,6,1,14,1,0
00:00:00,501209104,1,0,18,1,0
00:00:00,501209105,7,0,18,1,0
00:00:00,501209106,3,1,17,1,0
00:00:00,501211001,25,4,13,1,0
00:00:00,501211002,6,1,9,1,0
00:00:00,501211004,11,0,4,1,0
00:00:00,501211005,18,0,0,1,0
00:00:00,501211006,6,0,10,1,0
00:00:00,501211007,10,1,9,1,0
00:00:00,501211009,11,1,7,1,0
00:00:00,501211011,22,1,8,1,0
00:00:00,501211012,9,3,9,1,0
00:10:00,501201001,0,0,0,2,0
00:10:00,501201002,26,2,14,1,0
00:10:00,501201003,10,1,13,1,0
00:10:00,501201004,2,1,11,1,0
00:10:00,501201005,4,0,15,1,0
00:10:00,501201006,3,0,25,1,0
00:10:00,501201007,16,1,3,1,0
00:10:00,501201008,7,0,18,1,0
00:10:00,501201010,4,1,6,1,0
00:10:00,501201011,7,0,15,1,0
00:10:00,501201012,10,1,30,1,0
00:10:00,501201013,15,0,7,1,0
00:10:00,501201014,10,1,9,1,0
00:10:00,501201015,7,1,18,1,0
00:10:00,501201016,9,3,15,1,0
00:10:00,501201017,12,0,14,1,0
00:10:00,501201018,16,1,6,1,0
00:10:00,501201019,13,1,14,1,0
00:10:00,501201020,12,0,12,1,0
00:10:00,501201021,7,2,8,1,0
00:10:00,501201022,7,0,9,1,0
00:10:00,501201023,8,0,20,1,0
00:10:00,501201024,15,0,8,1,0
00:10:00,501201025,16,6,8,1,0
00:10:00,501201026,7,2,12,1,0
00:10:00,501201028,13,1,7,1,0
00:10:00,501201029,4,0,9,1,0
00:10:00,501201030,0,0,14,1,0
00:10:00,501201031,7,0,10,1,0
00:10:00,501202001,4,1,10,1,0
00:10:00,501202003,13,0,27,1,0
00:10:00,501202013,4,0,13,1,0
00:10:00,501202023,4,1,11,1,0
00:10:00,501202024,2,0,13,1,0
00:10:00,501202034,10,1,6,1,0
00:10:00,501202035,28,1,2,1,0
00:10:00,501202036,1,0,38,1,0
00:10:00,501202040,13,1,32,1,0
00:10:00,501202043,17,0,8,1,0
00:10:00,501202044,0,0,0,2,0
00:10:00,501202047,17,0,5,1,0
00:10:00,501202050,0,0,15,1,0
00:10:00,501202055,13,0,2,1,0
00:10:00,501202058,7,2,8,1,0
00:10:00,501202065,4,0,10,1,0
00:10:00,501202068,14,1,4,1,0
00:10:00,501202070,5,0,11,1,0
00:10:00,501202078,13,0,12,1,0
00:10:00,501202080,16,2,10,1,0
00:10:00,501202081,2,0,21,1,0
00:10:00,501202082,4,0,19,1,0
00:10:00,501202083,13,0,11,1,0
00:10:00,501202084,2,0,22,1,0
00:10:00,501202085,2,0,33,1,0
00:10:00,501202088,7,0,23,1,0
00:10:00,501202089,13,2,16,1,0
00:10:00,501202096,8,0,7,1,0
00:10:00,501203001,2,0,18,1,0
00:10:00,501203002,2,1,20,1,0
00:10:00,501203003,1,0,90,1,0
00:10:00,501203005,5,0,15,1,0
00:10:00,501203006,1,0,13,1,0
00:10:00,501203007,7,1,8,1,0
00:10:00,501203008,6,0,10,1,0
00:10:00,501203010,15,1,17,1,0
00:10:00,501203011,12,1,25,1,0
00:10:00,501203012,7,1,10,1,0
00:10:00,501203013,2,0,22,1,0
00:10:00,501203015,9,1,3,1,0
00:10:00,501203020,2,0,18,1,0
00:10:00,501203022,5,0,14,1,0
00:10:00,501203023,7,1,11,1,0
00:10:00,501203028,2,0,23,1,0
00:10:00,501203040,2,2,20,1,0
00:10:00,501203045,16,0,2,1,0
00:10:00,501203050,0,0,59,1,0
00:10:00,501203051,11,0,13,1,0
00:10:00,501203053,0,0,25,1,0
00:10:00,501203054,8,3,14,1,0
00:10:00,501203064,5,0,11,1,0
00:10:00,501203065,7,1,9,1,0
00:10:00,501203070,1,0,14,1,0
00:10:00,501203073,5,0,19,1,0
00:10:00,501203076,10,0,6,1,0
00:10:00,501203078,6,1,10,1,0
00:10:00,501203080,10,0,5,1,0
00:10:00,501203084,11,0,0,1,0
00:10:00,501203085,3,0,7,1,0
00:10:00,501203088,1,0,13,1,0
00:10:00,501203089,1,0,11,1,0
00:10:00,501203090,3,0,7,1,0
00:10:00,501203091,1,0,12,1,0
00:10:00,501203092,3,0,16,1,0
00:10:00,501203100,7,0,12,1,0
00:10:00,501203101,0,0,0,2,0
00:10:00,501203102,11,0,8,1,0
00:10:00,501203104,7,0,11,1,0
00:10:00,501203105,5,1,6,1,0
00:10:00,501203107,0,0,0,2,0
00:10:00,501203109,3,0,23,1,0
00:10:00,501203110,14,0,28,1,0
00:10:00,501203111,7,1,4,1,0
00:10:00,501203113,6,0,13,1,0
00:10:00,501203114,16,0,33,1,0
00:10:00,501203117,0,0,0,2,0
00:10:00,501203118,4,1,16,1,0
00:10:00,501203121,21,3,2,1,0
00:10:00,501203122,10,0,10,1,0
00:10:00,501203125,9,0,16,1,0
00:10:00,501203131,9,4,11,1,0
00:10:00,501203140,10,1,31,1,0
00:10:00,501203141,6,0,10,1,0
00:10:00,501203142,17,1,56,1,0
00:10:00,501203145,14,0,1,1,0
00:10:00,501203151,15,2,2,1,0
00:10:00,501203155,9,0,9,1,0
00:10:00,501203157,3,0,14,1,0
00:10:00,501203159,1,1,19,1,0
00:10:00,501203161,6,1,13,1,0
00:10:00,501203162,7,0,14,1,0
00:10:00,501203163,7,0,9,1,0
00:10:00,501204001,13,4,12,1,0
00:10:00,501204002,15,1,19,1,0
00:10:00,501204003,17,1,26,1,0
00:10:00,501204004,0,0,14,1,0
00:10:00,501204005,9,2,9,1,0
00:10:00,501204007,2,0,33,1,0
00:10:00,501204008,2,0,12,1,0
00:10:00,501204009,0,0,0,2,0
00:10:00,501204010,0,0,0,2,0
00:10:00,501204011,7,2,8,1,0
00:10:00,501204012,5,1,9,1,0
00:10:00,501204013,13,3,0,1,0
00:10:00,501204014,4,0,12,1,0
00:10:00,501204015,8,1,7,1,0
00:10:00,501204016,0,0,19,1,0
00:10:00,501204017,3,0,12,1,0
00:10:00,501204018,5,0,19,1,0
00:10:00,501204020,8,4,12,1,0
00:10:00,501204021,3,1,17,1,0
00:10:00,501204022,1,0,15,1,0
00:10:00,501204023,9,0,5,1,0
00:10:00,501204024,0,0,0,2,0
00:10:00,501204025,2,0,17,1,0
00:10:00,501205001,2,0,15,1,0
00:10:00,501205003,9,3,10,1,0
00:10:00,501205004,9,3,7,1,0
00:10:00,501205005,6,0,16,1,0
00:10:00,501205006,14,0,6,1,0
00:10:00,501205007,12,4,0,1,0
00:10:00,501205008,16,0,10,1,0
00:10:00,501205009,14,1,31,1,0
00:10:00,501205010,3,1,11,1,0
00:10:00,501205011,0,0,31,1,0
00:10:00,501205012,19,3,1,1,0
00:10:00,501205013,1,1,20,1,0
00:10:00,501205014,15,5,7,1,0
00:10:00,501205015,13,1,5,1,0
00:10:00,501205018,13,0,4,1,0
00:10:00,501205019,3,1,25,1,0
00:10:00,501205020,0,0,29,1,0
00:10:00,501205021,8,1,7,1,0
00:10:00,501205022,5,1,10,1,0
00:10:00,501205023,0,0,14,1,0
00:10:00,501205025,19,1,9,1,0
00:10:00,501205026,15,3,4,1,0
00:10:00,501205027,3,0,7,1,0
00:10:00,501205028,10,0,5,1,0
00:10:00,501205029,3,0,7,1,0
00:10:00,501205030,2,1,8,1,0
00:10:00,501205033,9,0,6,1,0
00:10:00,501205034,1,0,26,1,0
00:10:00,501205035,11,4,5,1,0
00:10:00,501205036,10,0,5,1,0
00:10:00,501205037,1,0,14,1,0
00:10:00,501205038,9,1,11,1,0
00:10:00,501205039,17,1,3,1,0
00:10:00,501205040,3,2,21,1,0
00:10:00,501205041,10,0,7,1,0
00:10:00,501205042,7,3,21,1,0
00:10:00,501208011,5,1,31,1,0
00:10:00,501208013,40,1,14,1,0
00:10:00,501208014,13,0,25,1,0
00:10:00,501208015,1,0,12,1,0
00:10:00,501208018,7,1,8,1,0
00:10:00,501208021,0,0,16,1,0
00:10:00,501208027,10,0,19,1,0
00:10:00,501208029,8,0,13,1,0
00:10:00,501208030,20,0,18,1,0
00:10:00,501208032,5,1,23,1,0
00:10:00,501208040,8,1,11,1,0
00:10:00,501208041,3,0,12,1,0
00:10:00,501208045,13,0,19,1,0
00:10:00,501208051,15,0,20,1,0
00:10:00,501208053,12,2,9,1,0
00:10:00,501208054,4,0,24,1,0
00:10:00,501208059,3,0,26,1,0
00:10:00,501208064,3,0,17,1,0
00:10:00,501208077,7,1,3,1,0
00:10:00,501208079,5,1,17,1,0
00:10:00,501208082,3,0,7,1,0
00:10:00,501208085,15,1,2,1,0
00:10:00,501208087,12,0,18,1,0
00:10:00,501208089,15,4,10,1,0
00:10:00,501208091,7,1,36,1,0
00:10:00,501208111,2,0,12,1,0
00:10:00,501208113,7,0,13,1,0
00:10:00,501208114,10,2,10,1,0
00:10:00,501208129,9,0,14,1,0
00:10:00,501208130,2,0,13,1,0
00:10:00,501209002,5,1,15,1,0
00:10:00,501209003,9,4,5,1,0
00:10:00,501209004,5,0,10,1,0
00:10:00,501209005,5,1,13,1,0
00:10:00,501209006,12,2,7,1,0
00:10:00,501209007,12,3,3,1,0
00:10:00,501209009,0,0,0,2,0
00:10:00,501209010,7,0,6,1,0
00:10:00,501209011,20,1,5,1,0
00:10:00,501209014,9,0,3,1,0
00:10:00,501209015,12,1,3,1,0
00:10:00,501209016,4,3,25,1,0
00:10:00,501209017,12,2,0,1,0
00:10:00,501209018,5,2,12,1,0
00:10:00,501209019,14,1,11,1,0
00:10:00,501209020,7,0,24,1,0
00:10:00,501209021,4,0,9,1,0
00:10:00,501209022,2,0,8,1,0
00:10:00,501209023,0,0,39,1,0
00:10:00,501209024,4,0,38,1,0
00:10:00,501209025,6,0,8,1,0
00:10:00,501209026,6,0,20,1,0
00:10:00,501209027,3,1,16,1,0
00:10:00,501209028,0,0,28,1,0
00:10:00,501209030,18,1,0,1,0
00:10:00,501209031,17,1,13,1,0
00:10:00,501209032,8,0,20,1,0
00:10:00,501209033,16,0,4,1,0
00:10:00,501209034,7,1,8,1,0
00:10:00,501209035,1,0,27,1,0
00:10:00,501209036,3,0,26,1,0
00:10:00,501209037,5,0,30,1,0
00:10:00,501209038,5,2,11,1,0
00:10:00,501209039,30,2,0,1,0
00:10:00,501209040,8,0,23,1,0
00:10:00,501209042,0,0,20,1,0
00:10:00,501209043,6,1,19,1,0
00:10:00,501209044,9,0,6,1,0
00:10:00,501209045,6,0,9,1,0
00:10:00,501209046,3,0,19,1,0
00:10:00,501209047,7,1,7,1,0
00:10:00,501209049,1,0,19,1,0
00:10:00,501209050,12,3,1,1,0
00:10:00,501209051,22,2,2,1,0
00:10:00,501209052,7,4,15,1,0
00:10:00,501209053,1,1,19,1,0
00:10:00,501209054,26,2,1,1,0
00:10:00,501209056,15,1,0,1,0
00:10:00,501209058,14,1,2,1,0
00:10:00,501209059,10,0,5,1,0
00:10:00,501209060,10,0,10,1,0
00:10:00,501209062,4,0,11,1,0
00:10:00,501209064,10,1,5,1,0
00:10:00,501209065,10,0,5,1,0
00:10:00,501209066,9,0,5,1,0
00:10:00,501209067,9,0,6,1,0
00:10:00,501209068,6,2,10,1,0
00:10:00,501209069,17,0,46,1,0
00:10:00,501209070,17,0,0,1,0
00:10:00,501209071,10,0,6,1,0
00:10:00,501209073,11,0,3,1,0
00:10:00,501209074,7,0,16,1,0
00:10:00,501209075,11,0,5,1,0
00:10:00,501209076,8,3,15,1,0
00:10:00,501209077,2,1,13,1,0
00:10:00,501209078,3,0,9,1,0
00:10:00,501209079,1,0,24,1,0
00:10:00,501209080,14,0,13,1,0
00:10:00,501209081,7,0,8,1,0
00:10:00,501209084,7,2,16,1,0
00:10:00,501209085,12,0,16,1,0
00:10:00,501209087,3,0,36,1,0
00:10:00,501209088,5,2,10,1,0
00:10:00,501209089,1,0,19,1,0
00:10:00,501209090,12,0,2,1,0
00:10:00,501209091,6,5,10,1,0
00:10:00,501209092,11,3,5,1,0
00:10:00,501209093,4,1,11,1,0
00:10:00,501209094,9,0,7,1,0
00:10:00,501209095,8,0,6,1,0
00:10:00,501209096,10,0,4,1,0
00:10:00,501209097,4,3,11,1,0
00:10:00,501209098,7,3,8,1,0
00:10:00,501209099,5,0,14,1,0
00:10:00,501209100,5,0,9,1,0
00:10:00,501209101,14,0,0,1,0
00:10:00,501209102,7,1,13,1,0
00:10:00,501209104,0,0,19,1,0
00:10:00,501209105,7,0,18,1,0
00:10:00,501209106,3,1,17,1,0
00:10:00,501211001,25,4,13,1,0
00:10:00,501211002,6,1,9,1,0
00:10:00,501211004,11,0,4,1,0
00:10:00,501211005,18,0,0,1,0
00:10:00,501211006,6,0,10,1,0
00:10:00,501211007,10,1,9,1,0
00:10:00,501211009,11,1,7,1,0
00:10:00,501211011,22,1,8,1,0
00:10:00,501211012,10,4,8,1,0
00:20:00,501201001,0,0,0,2,0
00:20:00,501201002,26,2,14,1,0
00:20:00,501201003,10,1,13,1,0
00:20:00,501201004,2,1,11,1,0
00:20:00,501201005,4,0,15,1,0
00:20:00,501201006,3,1,25,1,0
00:20:00,501201007,17,1,2,1,0
00:20:00,501201008,7,0,18,1,0
00:20:00,501201010,4,1,6,1,0
00:20:00,501201011,7,0,15,1,0
00:20:00,501201012,10,1,30,1,0
00:20:00,501201013,15,0,7,1,0
00:20:00,501201014,10,1,9,1,0
00:20:00,501201015,9,1,16,1,0
00:20:00,501201016,9,3,15,1,0
00:20:00,501201017,9,0,17,1,0
00:20:00,501201018,16,1,6,1,0
00:20:00,501201019,14,1,13,1,0
00:20:00,501201020,12,0,12,1,0
00:20:00,501201021,5,0,10,1,0
00:20:00,501201022,6,0,10,1,0
00:20:00,501201023,8,0,20,1,0
00:20:00,501201024,14,0,9,1,0
00:20:00,501201025,17,7,7,1,0
00:20:00,501201026,6,2,13,1,0
00:20:00,501201028,14,1,6,1,0
00:20:00,501201029,5,0,8,1,0
00:20:00,501201030,2,1,12,1,0
00:20:00,501201031,7,0,10,1,0
00:20:00,501202001,4,1,10,1,0
00:20:00,501202003,12,0,28,1,0
00:20:00,501202013,4,0,13,1,0
00:20:00,501202023,4,1,11,1,0
00:20:00,501202024,2,0,13,1,0
00:20:00,501202034,10,1,6,1,0
00:20:00,501202035,28,1,2,1,0
00:20:00,501202036,0,0,39,1,0
00:20:00,501202040,13,0,32,1,0
00:20:00,501202043,19,1,6,1,0
00:20:00,501202044,0,0,0,2,0
00:20:00,501202047,17,0,5,1,0
00:20:00,501202050,0,0,15,1,0
00:20:00,501202055,13,0,2,1,0
00:20:00,501202058,7,2,8,1,0
00:20:00,501202065,5,0,9,1,0
00:20:00,501202068,14,1,4,1,0
00:20:00,501202070,5,0,11,1,0
00:20:00,501202078,13,0,12,1,0
00:20:00,501202080,17,2,9,1,0
00:20:00,501202081,1,0,22,1,0
00:20:00,501202082,4,0,19,1,0
00:20:00,501202083,13,0,11,1,0
00:20:00,501202084,2,0,22,1,0
00:20:00,501202085,3,0,32,1,0
00:20:00,501202088,6,0,24,1,0
00:20:00,501202089,13,2,16,1,0
00:20:00,501202096,8,0,7,1,0
00:20:00,501203001,0,0,20,1,0
00:20:00,501203002,2,1,20,1,0
00:20:00,501203003,1,0,90,1,0
00:20:00,501203005,5,0,15,1,0
00:20:00,501203006,1,0,13,1,0
00:20:00,501203007,8,1,7,1,0
00:20:00,501203008,6,0,10,1,0
00:20:00,501203010,14,0,18,1,0
00:20:00,501203011,12,1,25,1,0
00:20:00,501203012,9,1,8,1,0
00:20:00,501203013,2,0,22,1,0
00:20:00,501203015,9,1,3,1,0
00:20:00,501203020,2,0,18,1,0
00:20:00,501203022,5,0,14,1,0
00:20:00,501203023,7,1,11,1,0
00:20:00,501203028,1,0,24,1,0
00:20:00,501203040,0,0,22,1,0
00:20:00,501203045,16,0,2,1,0
00:20:00,501203050,0,0,59,1,0
00:20:00,501203051,11,0,13,1,0
00:20:00,501203053,0,0,25,1,0
00:20:00,501203054,10,3,12,1,0
00:20:00,501203064,5,0,11,1,0
00:20:00,501203065,7,1,9,1,0
00:20:00,501203070,1,0,14,1,0
00:20:00,501203073,5,0,19,1,0
00:20:00,501203076,10,0,6,1,0
00:20:00,501203078,6,1,10,1,0
00:20:00,501203080,12,1,3,1,0
00:20:00,501203084,11,0,0,1,0
00:20:00,501203085,3,0,7,1,0
00:20:00,501203088,1,0,13,1,0
00:20:00,501203089,1,0,11,1,0
00:20:00,501203090,3,0,7,1,0
00:20:00,501203091,3,0,9,1,0
00:20:00,501203092,3,0,16,1,0
00:20:00,501203100,7,0,12,1,0
00:20:00,501203101,0,0,0,2,0
00:20:00,501203102,11,0,8,1,0
00:20:00,501203104,7,0,11,1,0
00:20:00,501203105,4,1,7,1,0
00:20:00,501203107,0,0,0,2,0
00:20:00,501203109,3,0,23,1,0
00:20:00,501203110,14,0,28,1,0
00:20:00,501203111,7,1,4,1,0
00:20:00,501203113,6,0,13,1,0
00:20:00,501203114,17,0,32,1,0
00:20:00,501203117,0,0,0,2,0
00:20:00,501203118,3,1,17,1,0
00:20:00,501203121,21,3,2,1,0
00:20:00,501203122,11,0,9,1,0
00:20:00,501203125,9,0,16,1,0
00:20:00,501203131,9,4,11,1,0
00:20:00,501203140,10,1,31,1,0
00:20:00,501203141,6,0,10,1,0
00:20:00,501203142,17,1,56,1,0
00:20:00,501203145,14,0,1,1,0
00:20:00,501203151,15,2,2,1,0
00:20:00,501203155,10,0,8,1,0
00:20:00,501203157,3,0,14,1,0
00:20:00,501203159,1,1,19,1,0
00:20:00,501203161,6,1,13,1,0
00:20:00,501203162,7,0,14,1,0
00:20:00,501203163,7,0,9,1,0
00:20:00,501204001,13,4,12,1,0
00:20:00,501204002,15,1,19,1,0
00:20:00,501204003,14,1,29,1,0
00:20:00,501204004,0,0,14,1,0
00:20:00,501204005,7,3,11,1,0
00:20:00,501204007,1,0,34,1,0
00:20:00,501204008,3,0,11,1,0
00:20:00,501204009,0,0,0,2,0
00:20:00,501204010,0,0,0,2,0
00:20:00,501204011,7,2,8,1,0
00:20:00,501204012,5,1,9,1,0
00:20:00,501204013,13,3,0,1,0
00:20:00,501204014,4,0,12,1,0
00:20:00,501204015,8,1,7,1,0
00:20:00,501204016,2,0,17,1,0
00:20:00,501204017,3,0,12,1,0
00:20:00,501204018,5,0,19,1,0
00:20:00,501204020,8,2,12,1,0
00:20:00,501204021,2,0,18,1,0
00:20:00,501204022,1,0,15,1,0
00:20:00,501204023,8,0,6,1,0
00:20:00,501204024,0,0,0,2,0
00:20:00,501204025,2,0,17,1,0
00:20:00,501205001,2,0,15,1,0
00:20:00,501205003,9,3,10,1,0
00:20:00,501205004,9,3,7,1,0
00:20:00,501205005,6,0,16,1,0
00:20:00,501205006,14,0,6,1,0
00:20:00,501205007,6,4,6,1,0
00:20:00,501205008,16,0,10,1,0
00:20:00,501205009,14,1,31,1,0
00:20:00,501205010,3,1,11,1,0
00:20:00,501205011,0,0,31,1,0
00:20:00,501205012,11,3,9,1,0
00:20:00,501205013,1,1,20,1,0
00:20:00,501205014,15,5,7,1,0
00:20:00,501205015,13,1,5,1,0
00:20:00,501205018,13,0,4,1,0
00:20:00,501205019,3,1,25,1,0
00:20:00,501205020,0,0,29,1,0
00:20:00,501205021,8,1,7,1,0
00:20:00,501205022,5,1,10,1,0
00:20:00,501205023,0,0,14,1,0
00:20:00,501205025,21,0,7,1,0
00:20:00,501205026,15,3,4,1,0
00:20:00,501205027,2,0,8,1,0
00:20:00,501205028,10,0,5,1,0
00:20:00,501205029,4,0,6,1,0
00:20:00,501205030,2,1,8,1,0
00:20:00,501205033,9,0,6,1,0
00:20:00,501205034,1,0,26,1,0
00:20:00,501205035,11,4,5,1,0
00:20:00,501205036,10,0,5,1,0
00:20:00,501205037,1,0,14,1,0
00:20:00,501205038,9,1,11,1,0
00:20:00,501205039,17,1,3,1,0
00:20:00,501205040,4,3,20,1,0
00:20:00,501205041,11,0,6,1,0
00:20:00,501205042,8,3,20,1,0
00:20:00,501208011,7,1,29,1,0
00:20:00,501208013,40,1,14,1,0
00:20:00,501208014,13,0,25,1,0
00:20:00,501208015,1,0,12,1,0
00:20:00,501208018,5,1,10,1,0
00:20:00,501208021,0,0,16,1,0
00:20:00,501208027,10,0,19,1,0
00:20:00,501208029,8,0,13,1,0
00:20:00,501208030,20,0,18,1,0
00:20:00,501208032,5,1,23,1,0
00:20:00,501208040,8,1,11,1,0
00:20:00,501208041,2,0,13,1,0
00:20:00,501208045,13,0,19,1,0
00:20:00,501208051,15,0,20,1,0
00:20:00,501208053,13,2,8,1,0
00:20:00,501208054,3,0,25,1,0
00:20:00,501208059,3,0,26,1,0
00:20:00,501208064,3,0,17,1,0
00:20:00,501208077,8,2,2,1,0
00:20:00,501208079,5,1,17,1,0
00:20:00,501208082,3,0,7,1,0
00:20:00,501208085,15,1,2,1,0
00:20:00,501208087,12,0,18,1,0
00:20:00,501208089,15,4,10,1,0
00:20:00,501208091,7,1,36,1,0
00:20:00,501208111,2,0,12,1,0
00:20:00,501208113,7,0,13,1,0
00:20:00,501208114,10,2,10,1,0
00:20:00,501208129,9,0,14,1,0
00:20:00,501208130,2,0,13,1,0
00:20:00,501209002,5,1,15,1,0
00:20:00,501209003,9,4,5,1,0
00:20:00,501209004,5,0,10,1,0
00:20:00,501209005,7,1,11,1,0
00:20:00,501209006,12,2,7,1,0
00:20:00,501209007,12,3,3,1,0
00:20:00,501209009,0,0,0,2,0
00:20:00,501209010,7,0,6,1,0
00:20:00,501209011,20,1,5,1,0
00:20:00,501209014,9,0,3,1,0
00:20:00,501209015,12,1,3,1,0
00:20:00,501209016,2,2,27,1,0
00:20:00,501209017,7,0,6,1,0
00:20:00,501209018,5,2,12,1,0
00:20:00,501209019,14,1,11,1,0
00:20:00,501209020,7,0,24,1,0
00:20:00,501209021,4,0,9,1,0
00:20:00,501209022,2,0,8,1,0
00:20:00,501209023,0,0,39,1,0
00:20:00,501209024,4,0,38,1,0
00:20:00,501209025,6,0,8,1,0
00:20:00,501209026,5,0,21,1,0
00:20:00,501209027,3,1,16,1,0
00:20:00,501209028,0,0,28,1,0
00:20:00,501209030,18,1,0,1,0
00:20:00,501209031,17,1,13,1,0
00:20:00,501209032,9,0,19,1,0
00:20:00,501209033,16,0,4,1,0
00:20:00,501209034,7,1,8,1,0
00:20:00,501209035,0,0,28,1,0
00:20:00,501209036,3,0,26,1,0
00:20:00,501209037,4,0,31,1,0
00:20:00,501209038,5,2,11,1,0
00:20:00,501209039,30,2,0,1,0
00:20:00,501209040,8,0,23,1,0
00:20:00,501209042,1,0,19,1,0
00:20:00,501209043,6,1,19,1,0
00:20:00,501209044,9,0,6,1,0
00:20:00,501209045,7,0,8,1,0
00:20:00,501209046,4,1,18,1,0
00:20:00,501209047,7,1,7,1,0
00:20:00,501209049,1,0,19,1,0
00:20:00,501209050,12,3,1,1,0
00:20:00,501209051,22,2,2,1,0
00:20:00,501209052,7,4,15,1,0
00:20:00,501209053,1,1,19,1,0
00:20:00,501209054,26,2,1,1,0
00:20:00,501209056,15,1,0,1,0
00:20:00,501209058,15,1,1,1,0
00:20:00,501209059,10,0,5,1,0
00:20:00,501209060,9,0,11,1,0
00:20:00,501209062,3,0,12,1,0
00:20:00,501209064,10,1,5,1,0
00:20:00,501209065,10,0,5,1,0
00:20:00,501209066,11,0,3,1,0
00:20:00,501209067,10,0,5,1,0
00:20:00,501209068,6,2,10,1,0
00:20:00,501209069,17,0,46,1,0
00:20:00,501209070,17,0,0,1,0
00:20:00,501209071,10,0,6,1,0
00:20:00,501209073,11,0,3,1,0
00:20:00,501209074,7,0,16,1,0
00:20:00,501209075,11,0,5,1,0
00:20:00,501209076,8,3,15,1,0
00:20:00,501209077,2,1,13,1,0
00:20:00,501209078,3,0,9,1,0
00:20:00,501209079,1,0,24,1,0
00:20:00,501209080,14,0,13,1,0
00:20:00,501209081,7,0,8,1,0
00:20:00,501209084,7,2,16,1,0
00:20:00,501209085,12,0,16,1,0
00:20:00,501209087,3,0,36,1,0
00:20:00,501209088,5,2,10,1,0
00:20:00,501209089,1,0,19,1,0
00:20:00,501209090,12,0,2,1,0
00:20:00,501209091,7,5,9,1,0
00:20:00,501209092,11,3,5,1,0
00:20:00,501209093,4,1,11,1,0
00:20:00,501209094,9,0,7,1,0
00:20:00,501209095,8,0,6,1,0
00:20:00,501209096,10,0,4,1,0
00:20:00,501209097,4,3,11,1,0
00:20:00,501209098,7,3,8,1,0
00:20:00,501209099,5,0,14,1,0
00:20:00,501209100,5,0,9,1,0
00:20:00,501209101,14,0,0,1,0
00:20:00,501209102,7,1,13,1,0
00:20:00,501209104,0,0,19,1,0
00:20:00,501209105,8,0,17,1,0
00:20:00,501209106,3,1,17,1,0
00:20:00,501211001,26,4,12,1,0
00:20:00,501211002,6,1,9,1,0
00:20:00,501211004,11,0,4,1,0
00:20:00,501211005,18,0,0,1,0
00:20:00,501211006,6,0,10,1,0
00:20:00,501211007,10,1,9,1,0
00:20:00,501211009,11,1,7,1,0
00:20:00,501211011,22,1,8,1,0
00:20:00,501211012,10,4,8,1,0
00:30:00,501201001,0,0,0,2,0
00:30:00,501201002,26,2,14,1,0
00:30:00,501201003,9,0,14,1,0
00:30:00,501201004,1,0,12,1,0
00:30:00,501201005,3,0,16,1,0
00:30:00,501201006,2,0,26,1,0
00:30:00,501201007,19,2,0,1,0
00:30:00,501201008,7,0,18,1,0
00:30:00,501201010,4,1,6,1,0
00:30:00,501201011,7,0,15,1,0
00:30:00,501201012,10,1,30,1,0
00:30:00,501201013,13,0,9,1,0
00:30:00,501201014,11,2,8,1,0
00:30:00,501201015,10,1,15,1,0
00:30:00,501201016,8,2,16,1,0
00:30:00,501201017,8,0,18,1,0
00:30:00,501201018,16,1,6,1,0
00:30:00,501201019,14,1,13,1,0
00:30:00,501201020,12,0,12,1,0
00:30:00,501201021,4,0,11,1,0
00:30:00,501201022,5,0,11,1,0
00:30:00,501201023,8,0,20,1,0
00:30:00,501201024,13,0,10,1,0
00:30:00,501201025,17,7,7,1,0
00:30:00,501201026,6,2,13,1,0
00:30:00,501201028,14,1,6,1,0
00:30:00,501201029,5,0,8,1,0
00:30:00,501201030,7,0,7,1,0
00:30:00,501201031,7,0,10,1,0
00:30:00,501202001,4,1,10,1,0
00:30:00,501202003,11,0,29,1,0
00:30:00,501202013,4,0,13,1,0
00:30:00,501202023,5,0,10,1,0
00:30:00,501202024,2,0,13,1,0
00:30:00,501202034,9,1,7,1,0
00:30:00,501202035,27,0,3,1,0
00:30:00,501202036,0,0,39,1,0
00:30:00,501202040,13,0,32,1,0
00:30:00,501202043,18,1,7,1,0
00:30:00,501202044,0,0,0,2,0
00:30:00,501202047,17,0,5,1,0
00:30:00,501202050,0,0,15,1,0
00:30:00,501202055,13,0,2,1,0
00:30:00,501202058,7,2,8,1,0
00:30:00,501202065,5,0,9,1,0
00:30:00,501202068,7,1,11,1,0
00:30:00,501202070,5,0,11,1,0
00:30:00,501202078,13,0,12,1,0
00:30:00,501202080,18,2,8,1,0
00:30:00,501202081,0,0,23,1,0
00:30:00,501202082,3,0,20,1,0
00:30:00,501202083,13,0,11,1,0
00:30:00,501202084,1,0,23,1,0
00:30:00,501202085,3,0,32,1,0
00:30:00,501202088,6,0,24,1,0
00:30:00,501202089,13,2,16,1,0
00:30:00,501202096,8,0,7,1,0
00:30:00,501203001,0,0,20,1,0
00:30:00,501203002,3,1,19,1,0
00:30:00,501203003,1,0,90,1,0
00:30:00,501203005,6,0,14,1,0
00:30:00,501203006,1,0,13,1,0
00:30:00,501203007,8,1,7,1,0
00:30:00,501203008,6,0,10,1,0
00:30:00,501203010,14,0,18,1,0
00:30:00,501203011,13,2,24,1,0
00:30:00,501203012,9,1,8,1,0
00:30:00,501203013,3,1,21,1,0
00:30:00,501203015,8,1,4,1,0
00:30:00,501203020,1,0,19,1,0
00:30:00,501203022,5,0,14,1,0
00:30:00,501203023,8,2,10,1,0
00:30:00,501203028,1,0,24,1,0
00:30:00,501203040,0,0,22,1,0
00:30:00,501203045,16,0,2,1,0
00:30:00,501203050,0,0,59,1,0
00:30:00,501203051,11,0,13,1,0
00:30:00,501203053,0,0,25,1,0
00:30:00,501203054,10,3,12,1,0
00:30:00,501203064,5,0,11,1,0
00:30:00,501203065,7,1,9,1,0
00:30:00,501203070,1,0,14,1,0
00:30:00,501203073,5,0,19,1,0
00:30:00,501203076,10,0,6,1,0
00:30:00,501203078,6,1,10,1,0
00:30:00,501203080,12,1,3,1,0
00:30:00,501203084,11,0,0,1,0
00:30:00,501203085,3,0,7,1,0
00:30:00,501203088,1,0,13,1,0
00:30:00,501203089,1,0,11,1,0
00:30:00,501203090,3,0,7,1,0
00:30:00,501203091,3,0,9,1,0
00:30:00,501203092,3,0,16,1,0
00:30:00,501203100,7,0,12,1,0
00:30:00,501203101,0,0,0,2,0
00:30:00,501203102,10,0,9,1,0
00:30:00,501203104,8,0,10,1,0
00:30:00,501203105,4,1,7,1,0
00:30:00,501203107,0,0,0,2,0
00:30:00,501203109,3,0,23,1,0
00:30:00,501203110,14,0,28,1,0
00:30:00,501203111,7,1,4,1,0
00:30:00,501203113,6,0,13,1,0
00:30:00,501203114,17,0,32,1,0
00:30:00,501203117,0,0,0,2,0
00:30:00,501203118,3,1,17,1,0
00:30:00,501203121,21,3,2,1,0
00:30:00,501203122,11,0,9,1,0
00:30:00,501203125,8,0,17,1,0
00:30:00,501203131,9,4,11,1,0
00:30:00,501203140,8,1,33,1,0
00:30:00,501203141,6,0,10,1,0
00:30:00,501203142,16,0,57,1,0
00:30:00,501203145,14,0,1,1,0
00:30:00,501203151,15,2,2,1,0
00:30:00,501203155,12,0,6,1,0
00:30:00,501203157,3,0,14,1,0
00:30:00,501203159,1,1,19,1,0
00:30:00,501203161,6,1,13,1,0
00:30:00,501203162,7,0,14,1,0
00:30:00,501203163,7,0,9,1,0
00:30:00,501204001,13,4,12,1,0
00:30:00,501204002,10,1,24,1,0
00:30:00,501204003,14,1,29,1,0
00:30:00,501204004,0,0,14,1,0
00:30:00,501204005,7,3,11,1,0
00:30:00,501204007,1,0,34,1,0
00:30:00,501204008,3,0,11,1,0
00:30:00,501204009,0,0,0,2,0
00:30:00,501204010,0,0,0,2,0
00:30:00,501204011,7,2,8,1,0
00:30:00,501204012,4,1,10,1,0
00:30:00,501204013,13,3,0,1,0
00:30:00,501204014,5,0,11,1,0
00:30:00,501204015,9,1,6,1,0
00:30:00,501204016,2,0,17,1,0
00:30:00,501204017,3,0,12,1,0
00:30:00,501204018,5,0,19,1,0
00:30:00,501204020,8,1,12,1,0
00:30:00,501204021,0,0,20,1,0
00:30:00,501204022,1,0,15,1,0
00:30:00,501204023,10,1,4,1,0
00:30:00,501204024,0,0,0,2,0
00:30:00,501204025,2,0,17,1,0
00:30:00,501205001,1,0,16,1,0
00:30:00,501205003,10,3,9,1,0
00:30:00,501205004,9,3,7,1,0
00:30:00,501205005,6,0,16,1,0
00:30:00,501205006,14,0,6,1,0
00:30:00,501205007,6,3,6,1,0
00:30:00,501205008,15,0,11,1,0
00:30:00,501205009,13,0,32,1,0
00:30:00,501205010,1,1,13,1,0
00:30:00,501205011,0,0,31,1,0
00:30:00,501205012,10,3,10,1,0
00:30:00,501205013,1,1,20,1,0
00:30:00,501205014,17,6,5,1,0
00:30:00,501205015,13,1,5,1,0
00:30:00,501205018,13,0,4,1,0
00:30:00,501205019,3,1,25,1,0
00:30:00,501205020,0,0,29,1,0
00:30:00,501205021,10,1,5,1,0
00:30:00,501205022,5,0,10,1,0
00:30:00,501205023,0,0,14,1,0
00:30:00,501205025,19,0,9,1,0
00:30:00,501205026,16,3,3,1,0
00:30:00,501205027,2,0,8,1,0
00:30:00,501205028,10,0,5,1,0
00:30:00,501205029,4,0,6,1,0
00:30:00,501205030,2,1,8,1,0
00:30:00,501205033,9,0,6,1,0
00:30:00,501205034,1,0,26,1,0
00:30:00,501205035,11,4,5,1,0
00:30:00,501205036,10,0,5,1,0
00:30:00,501205037,1,0,14,1,0
00:30:00,501205038,9,1,11,1,0
00:30:00,501205039,17,1,3,1,0
00:30:00,501205040,4,2,20,1,0
00:30:00,501205041,11,0,6,1,0
00:30:00,501205042,8,3,20,1,0
00:30:00,501208011,9,1,27,1,0
00:30:00,501208013,40,1,14,1,0
00:30:00,501208014,13,0,25,1,0
00:30:00,501208015,1,0,12,1,0
00:30:00,501208018,4,1,11,1,0
00:30:00,501208021,0,0,16,1,0
00:30:00,501208027,10,0,19,1,0
00:30:00,501208029,9,0,12,1,0
00:30:00,501208030,18,0,20,1,0
00:30:00,501208032,5,1,23,1,0
00:30:00,501208040,8,1,11,1,0
00:30:00,501208041,2,0,13,1,0
00:30:00,501208045,13,0,19,1,0
00:30:00,501208051,15,0,20,1,0
00:30:00,501208053,13,2,8,1,0
00:30:00,501208054,3,0,25,1,0
00:30:00,501208059,3,0,26,1,0
00:30:00,501208064,3,0,17,1,0
00:30:00,501208077,8,2,2,1,0
00:30:00,501208079,5,1,17,1,0
00:30:00,501208082,2,0,8,1,0
00:30:00,501208085,15,1,2,1,0
00:30:00,501208087,12,0,18,1,0
00:30:00,501208089,15,4,10,1,0
00:30:00,501208091,7,1,36,1,0
00:30:00,501208111,3,1,11,1,0
00:30:00,501208113,7,0,13,1,0
00:30:00,501208114,10,2,10,1,0
00:30:00,501208129,9,0,14,1,0
00:30:00,501208130,3,0,12,1,0
00:30:00,501209002,5,1,15,1,0
00:30:00,501209003,9,4,5,1,0
00:30:00,501209004,5,0,10,1,0
00:30:00,501209005,7,0,11,1,0
00:30:00,501209006,12,2,7,1,0
00:30:00,501209007,12,3,3,1,0
00:30:00,501209009,0,0,0,2,0
00:30:00,501209010,7,0,6,1,0
00:30:00,501209011,20,1,5,1,0
00:30:00,501209014,8,0,4,1,0
00:30:00,501209015,12,1,3,1,0
00:30:00,501209016,2,2,27,1,0
00:30:00,501209017,8,0,5,1,0
00:30:00,501209018,5,2,12,1,0
00:30:00,501209019,14,1,11,1,0
00:30:00,501209020,7,0,24,1,0
00:30:00,501209021,4,0,9,1,0
00:30:00,501209022,2,0,8,1,0
00:30:00,501209023,0,0,39,1,0
00:30:00,501209024,4,0,38,1,0
00:30:00,501209025,6,0,8,1,0
00:30:00,501209026,6,0,20,1,0
00:30:00,501209027,3,1,16,1,0
00:30:00,501209028,0,0,28,1,0
00:30:00,501209030,18,1,0,1,0
00:30:00,501209031,17,1,13,1,0
00:30:00,501209032,7,0,21,1,0
00:30:00,501209033,16,0,4,1,0
00:30:00,501209034,7,1,8,1,0
00:30:00,501209035,0,0,28,1,0
00:30:00,501209036,3,0,26,1,0
00:30:00,501209037,4,0,31,1,0
00:30:00,501209038,5,2,11,1,0
00:30:00,501209039,30,2,0,1,0
00:30:00,501209040,8,0,23,1,0
00:30:00,501209042,1,0,19,1,0
00:30:00,501209043,6,1,19,1,0
00:30:00,501209044,9,0,6,1,0
00:30:00,501209045,7,0,8,1,0
00:30:00,501209046,4,1,18,1,0
00:30:00,501209047,7,1,7,1,0
00:30:00,501209049,1,0,19,1,0
00:30:00,501209050,6,0,7,1,0
00:30:00,501209051,23,2,1,1,0
00:30:00,501209052,9,4,13,1,0
00:30:00,501209053,1,1,19,1,0
00:30:00,501209054,27,2,0,1,0
00:30:00,501209056,15,1,0,1,0
00:30:00,501209058,15,1,1,1,0
00:30:00,501209059,9,0,6,1,0
00:30:00,501209060,9,0,11,1,0
00:30:00,501209062,3,0,12,1,0
00:30:00,501209064,10,1,5,1,0
00:30:00,501209065,10,0,5,1,0
00:30:00,501209066,11,0,3,1,0
00:30:00,501209067,10,0,5,1,0
00:30:00,501209068,6,2,10,1,0
00:30:00,501209069,17,0,46,1,0
00:30:00,501209070,17,0,0,1,0
00:30:00,501209071,10,0,6,1,0
00:30:00,501209073,11,0,3,1,0
00:30:00,501209074,7,0,16,1,0
00:30:00,501209075,11,0,5,1,0
00:30:00,501209076,9,3,14,1,0
00:30:00,501209077,2,1,13,1,0
00:30:00,501209078,3,0,9,1,0
00:30:00,501209079,1,0,24,1,0
00:30:00,501209080,14,0,13,1,0
00:30:00,501209081,8,0,7,1,0
00:30:00,501209084,7,2,16,1,0
00:30:00,501209085,11,0,17,1,0
00:30:00,501209087,3,0,36,1,0
00:30:00,501209088,5,2,10,1,0
00:30:00,501209089,1,0,19,1,0
00:30:00,501209090,12,0,2,1,0
00:30:00,501209091,7,5,9,1,0
00:30:00,501209092,11,3,5,1,0
00:30:00,501209093,4,1,11,1,0
00:30:00,501209094,9,0,7,1,0
00:30:00,501209095,8,0,6,1,0
00:30:00,501209096,10,0,4,1,0
00:30:00,501209097,4,3,11,1,0
00:30:00,501209098,7,3,8,1,0
00:30:00,501209099,5,0,14,1,0
00:30:00,501209100,5,0,9,1,0
00:30:00,501209101,14,0,0,1,0
00:30:00,501209102,7,1,13,1,0
00:30:00,501209104,0,0,19,1,0
00:30:00,501209105,8,0,17,1,0
00:30:00,501209106,3,1,17,1,0
00:30:00,501211001,26,4,12,1,0
00:30:00,501211002,6,1,9,1,0
00:30:00,501211004,11,0,4,1,0
00:30:00,501211005,18,0,0,1,0
00:30:00,501211006,7,0,9,1,0
00:30:00,501211007,10,1,9,1,0
00:30:00,501211009,11,1,7,1,0
00:30:00,501211011,22,1,8,1,0
00:30:00,501211012,10,4,8,1,0
00:40:00,501201001,0,0,0,2,0
00:40:00,501201002,25,1,15,1,0
00:40:00,501201003,11,0,12,1,0
00:40:00,501201004,1,0,12,1,0
00:40:00,501201005,2,0,17,1,0
00:40:00,501201006,5,1,23,1,0
00:40:00,501201007,19,2,0,1,0
00:40:00,501201008,7,0,18,1,0
00:40:00,501201010,4,1,6,1,0
00:40:00,501201011,7,0,15,1,0
00:40:00,501201012,11,2,29,1,0
00:40:00,501201013,13,0,9,1,0
00:40:00,501201014,11,3,8,1,0
00:40:00,501201015,9,0,16,1,0
00:40:00,501201016,7,1,17,1,0
00:40:00,501201017,4,0,22,1,0
00:40:00,501201018,16,1,6,1,0
00:40:00,501201019,14,1,13,1,0
00:40:00,501201020,12,0,12,1,0
00:40:00,501201021,4,0,11,1,0
00:40:00,501201022,5,0,11,1,0
00:40:00,501201023,9,0,19,1,0
00:40:00,501201024,10,0,13,1,0
00:40:00,501201025,17,7,7,1,0
00:40:00,501201026,6,2,13,1,0
00:40:00,501201028,14,1,6,1,0
00:40:00,501201029,4,0,9,1,0
00:40:00,501201030,7,0,7,1,0
00:40:00,501201031,7,0,10,1,0
00:40:00,501202001,4,1,10,1,0
00:40:00,501202003,12,1,28,1,0
00:40:00,501202013,4,0,13,1,0
00:40:00,501202023,4,0,11,1,0
00:40:00,501202024,1,0,14,1,0
00:40:00,501202034,9,1,7,1,0
00:40:00,501202035,27,0,3,1,0
00:40:00,501202036,17,0,22,1,0
00:40:00,501202040,13,0,32,1,0
00:40:00,501202043,18,1,7,1,0
00:40:00,501202044,0,0,0,2,0
00:40:00,501202047,17,0,5,1,0
00:40:00,501202050,0,0,15,1,0
00:40:00,501202055,11,0,4,1,0
00:40:00,501202058,7,2,8,1,0
00:40:00,501202065,5,0,9,1,0
00:40:00,501202068,7,1,11,1,0
00:40:00,501202070,5,0,11,1,0
00:40:00,501202078,13,0,12,1,0
00:40:00,501202080,19,3,7,1,0
00:40:00,501202081,0,0,23,1,0
00:40:00,501202082,3,0,20,1,0
00:40:00,501202083,13,0,11,1,0
00:40:00,501202084,1,0,23,1,0
00:40:00,501202085,3,0,32,1,0
00:40:00,501202088,6,0,24,1,0
00:40:00,501202089,13,1,16,1,0
00:40:00,501202096,9,0,6,1,0
00:40:00,501203001,1,0,19,1,0
00:40:00,501203002,3,1,19,1,0
00:40:00,501203003,1,0,90,1,0
00:40:00,501203005,6,0,14,1,0
00:40:00,501203006,1,0,13,1,0
00:40:00,501203007,8,1,7,1,0
00:40:00,501203008,6,0,10,1,0
00:40:00,501203010,14,0,18,1,0
00:40:00,501203011,13,2,24,1,0
00:40:00,501203012,9,1,8,1,0
00:40:00,501203013,3,1,21,1,0
00:40:00,501203015,8,1,4,1,0
00:40:00,501203020,1,0,19,1,0
00:40:00,501203022,5,0,14,1,0
00:40:00,501203023,8,2,10,1,0
00:40:00,501203028,4,0,21,1,0
00:40:00,501203040,0,0,22,1,0
00:40:00,501203045,16,0,2,1,0
00:40:00,501203050,0,0,59,1,0
00:40:00,501203051,10,0,14,1,0
00:40:00,501203053,0,0,25,1,0
00:40:00,501203054,10,3,12,1,0
00:40:00,501203064,5,0,11,1,0
00:40:00,501203065,6,0,10,1,0
00:40:00,501203070,1,0,14,1,0
00:40:00,501203073,5,0,19,1,0
00:40:00,501203076,10,0,6,1,0
00:40:00,501203078,6,1,10,1,0
00:40:00,501203080,11,0,4,1,0
00:40:00,501203084,11,0,0,1,0
00:40:00,501203085,3,0,7,1,0
00:40:00,501203088,1,0,13,1,0
00:40:00,501203089,1,0,11,1,0
00:40:00,501203090,3,0,7,1,0
00:40:00,501203091,3,0,9,1,0
00:40:00,501203092,3,0,16,1,0
00:40:00,501203100,7,0,12,1,0
00:40:00,501203101,0,0,0,2,0
00:40:00,501203102,10,0,9,1,0
00:40:00,501203104,6,0,12,1,0
00:40:00,501203105,3,0,8,1,0
00:40:00,501203107,0,0,0,2,0
00:40:00,501203109,4,0,22,1,0
00:40:00,501203110,14,0,28,1,0
00:40:00,501203111,7,1,4,1,0
00:40:00,501203113,6,0,13,1,0
00:40:00,501203114,16,0,33,1,0
00:40:00,501203117,0,0,0,2,0
00:40:00,501203118,3,1,17,1,0
00:40:00,501203121,21,3,2,1,0
00:40:00,501203122,11,0,9,1,0
00:40:00,501203125,8,0,17,1,0
00:40:00,501203131,9,4,11,1,0
00:40:00,501203140,7,0,34,1,0
00:40:00,501203141,6,0,10,1,0
00:40:00,501203142,17,0,56,1,0
00:40:00,501203145,14,0,1,1,0
00:40:00,501203151,17,3,0,1,0
00:40:00,501203155,12,0,6,1,0
00:40:00,501203157,3,0,14,1,0
00:40:00,501203159,1,1,19,1,0
00:40:00,501203161,6,1,13,1,0
00:40:00,501203162,6,0,15,1,0
00:40:00,501203163,7,0,9,1,0
00:40:00,501204001,13,4,12,1,0
00:40:00,501204002,9,1,25,1,0
00:40:00,501204003,14,1,29,1,0
00:40:00,501204004,0,0,14,1,0
00:40:00,501204005,10,3,8,1,0
00:40:00,501204007,2,0,33,1,0
00:40:00,501204008,2,0,12,1,0
00:40:00,501204009,0,0,0,2,0
00:40:00,501204010,0,0,0,2,0
00:40:00,501204011,7,2,8,1,0
00:40:00,501204012,4,1,10,1,0
00:40:00,501204013,13,3,0,1,0
00:40:00,501204014,5,0,11,1,0
00:40:00,501204015,9,1,6,1,0
00:40:00,501204016,2,0,17,1,0
00:40:00,501204017,3,0,12,1,0
00:40:00,501204018,7,0,17,1,0
00:40:00,501204020,9,1,11,1,0
00:40:00,501204021,0,0,20,1,0
00:40:00,501204022,1,0,15,1,0
00:40:00,501204023,11,1,3,1,0
00:40:00,501204024,0,0,0,2,0
00:40:00,501204025,2,0,17,1,0
00:40:00,501205001,1,0,16,1,0
00:40:00,501205003,9,2,10,1,0
00:40:00,501205004,9,3,7,1,0
00:40:00,501205005,7,0,15,1,0
00:40:00,501205006,15,0,5,1,0
00:40:00,501205007,8,3,4,1,0
00:40:00,501205008,14,0,12,1,0
00:40:00,501205009,10,0,35,1,0
00:40:00,501205010,1,1,13,1,0
00:40:00,501205011,0,0,31,1,0
00:40:00,501205012,10,3,10,1,0
00:40:00,501205013,1,1,20,1,0
00:40:00,501205014,17,6,5,1,0
00:40:00,501205015,13,1,5,1,0
00:40:00,501205018,14,1,3,1,0
00:40:00,501205019,3,1,25,1,0
00:40:00,501205020,0,0,29,1,0
00:40:00,501205021,10,1,5,1,0
00:40:00,501205022,5,0,10,1,0
00:40:00,501205023,10,1,5,1,0
00:40:00,501205025,19,0,9,1,0
00:40:00,501205026,16,3,3,1,0
00:40:00,501205027,2,0,8,1,0
00:40:00,501205028,10,0,5,1,0
00:40:00,501205029,4,0,6,1,0
00:40:00,501205030,2,1,8,1,0
00:40:00,501205033,9,0,6,1,0
00:40:00,501205034,1,0,26,1,0
00:40:00,501205035,11,4,5,1,0
00:40:00,501205036,10,0,5,1,0
00:40:00,501205037,1,0,14,1,0
00:40:00,501205038,9,1,11,1,0
00:40:00,501205039,17,1,3,1,0
00:40:00,501205040,4,2,20,1,0
00:40:00,501205041,11,0,6,1,0
00:40:00,501205042,8,3,20,1,0
00:40:00,501208011,7,1,29,1,0
00:40:00,501208013,40,1,14,1,0
00:40:00,501208014,13,0,25,1,0
00:40:00,501208015,1,0,12,1,0
00:40:00,501208018,4,1,11,1,0
00:40:00,501208021,1,0,15,1,0
00:40:00,501208027,10,0,19,1,0
00:40:00,501208029,9,0,12,1,0
00:40:00,501208030,18,0,20,1,0
00:40:00,501208032,5,1,23,1,0
00:40:00,501208040,8,1,11,1,0
00:40:00,501208041,2,0,13,1,0
00:40:00,501208045,13,0,19,1,0
00:40:00,501208051,15,0,20,1,0
00:40:00,501208053,12,1,9,1,0
00:40:00,501208054,3,0,25,1,0
00:40:00,501208059,3,0,26,1,0
00:40:00,501208064,3,0,17,1,0
00:40:00,501208077,9,2,1,1,0
00:40:00,501208079,5,1,17,1,0
00:40:00,501208082,2,0,8,1,0
00:40:00,501208085,15,1,2,1,0
00:40:00,501208087,12,0,18,1,0
00:40:00,501208089,15,4,10,1,0
00:40:00,501208091,7,1,36,1,0
00:40:00,501208111,3,1,11,1,0
00:40:00,501208113,7,0,13,1,0
00:40:00,501208114,10,2,10,1,0
00:40:00,501208129,9,0,14,1,0
00:40:00,501208130,3,0,12,1,0
00:40:00,501209002,5,1,15,1,0
00:40:00,501209003,9,4,5,1,0
00:40:00,501209004,6,1,9,1,0
00:40:00,501209005,7,0,11,1,0
00:40:00,501209006,12,2,7,1,0
00:40:00,501209007,15,6,0,1,0
00:40:00,501209009,0,0,0,2,0
00:40:00,501209010,7,0,6,1,0
00:40:00,501209011,20,1,5,1,0
00:40:00,501209014,8,0,4,1,0
00:40:00,501209015,12,1,3,1,0
00:40:00,501209016,3,3,26,1,0
00:40:00,501209017,9,1,4,1,0
00:40:00,501209018,6,3,11,1,0
00:40:00,501209019,14,1,11,1,0
00:40:00,501209020,7,0,24,1,0
00:40:00,501209021,4,0,9,1,0
00:40:00,501209022,2,0,8,1,0
00:40:00,501209023,2,0,37,1,0
00:40:00,501209024,4,0,38,1,0
00:40:00,501209025,6,0,8,1,0
00:40:00,501209026,5,0,21,1,0
00:40:00,501209027,3,1,16,1,0
00:40:00,501209028,0,0,28,1,0
00:40:00,501209030,14,0,4,1,0
00:40:00,501209031,17,1,13,1,0
00:40:00,501209032,5,0,23,1,0
00:40:00,501209033,16,0,4,1,0
00:40:00,501209034,7,1,8,1,0
00:40:00,501209035,0,0,28,1,0
00:40:00,501209036,3,0,26,1,0
00:40:00,501209037,4,0,31,1,0
00:40:00,501209038,5,2,11,1,0
00:40:00,501209039,30,2,0,1,0
00:40:00,501209040,8,0,23,1,0
00:40:00,501209042,1,0,19,1,0
00:40:00,501209043,6,1,19,1,0
00:40:00,501209044,9,0,6,1,0
00:40:00,501209045,7,0,8,1,0
00:40:00,501209046,4,1,18,1,0
00:40:00,501209047,8,1,6,1,0
00:40:00,501209049,1,0,19,1,0
00:40:00,501209050,6,0,7,1,0
00:40:00,501209051,23,2,1,1,0
00:40:00,501209052,13,5,9,1,0
00:40:00,501209053,1,1,19,1,0
00:40:00,501209054,27,2,0,1,0
00:40:00,501209056,7,1,8,1,0
00:40:00,501209058,15,1,1,1,0
00:40:00,501209059,9,0,6,1,0
00:40:00,501209060,9,0,11,1,0
00:40:00,501209062,3,0,12,1,0
00:40:00,501209064,10,1,5,1,0
00:40:00,501209065,10,0,5,1,0
00:40:00,501209066,12,0,2,1,0
00:40:00,501209067,10,0,5,1,0
00:40:00,501209068,6,2,10,1,0
00:40:00,501209069,17,0,46,1,0
00:40:00,501209070,17,0,0,1,0
00:40:00,501209071,10,0,6,1,0
00:40:00,501209073,11,0,3,1,0
00:40:00,501209074,7,0,16,1,0
00:40:00,501209075,11,0,5,1,0
00:40:00,501209076,8,2,14,1,0
00:40:00,501209077,2,1,13,1,0
00:40:00,501209078,3,0,9,1,0
00:40:00,501209079,1,0,24,1,0
00:40:00,501209080,14,0,13,1,0
00:40:00,501209081,8,0,7,1,0
00:40:00,501209084,5,0,18,1,0
00:40:00,501209085,11,0,17,1,0
00:40:00,501209087,3,0,36,1,0
00:40:00,501209088,5,2,10,1,0
00:40:00,501209089,1,0,19,1,0
00:40:00,501209090,12,0,2,1,0
00:40:00,501209091,7,5,9,1,0
00:40:00,501209092,11,3,5,1,0
00:40:00,501209093,4,1,11,1,0
00:40:00,501209094,9,0,7,1,0
00:40:00,501209095,7,0,6,1,0
00:40:00,501209096,10,0,4,1,0
00:40:00,501209097,4,3,11,1,0
00:40:00,501209098,7,3,8,1,0
00:40:00,501209099,5,0,14,1,0
00:40:00,501209100,5,0,9,1,0
00:40:00,501209101,14,0,0,1,0
00:40:00,501209102,7,1,13,1,0
00:40:00,501209104,0,0,19,1,0
00:40:00,501209105,8,0,17,1,0
00:40:00,501209106,3,1,17,1,0
00:40:00,501211001,26,4,12,1,0
00:40:00,501211002,6,1,9,1,0
00:40:00,501211004,9,0,6,1,0
00:40:00,501211005,18,0,0,1,0
00:40:00,501211006,7,0,9,1,0
00:40:00,501211007,10,1,9,1,0
00:40:00,501211009,11,1,7,1,0
00:40:00,501211011,22,1,8,1,0
00:40:00,501211012,10,4,8,1,0
00:50:00,501201001,0,0,0,2,0
00:50:00,501201002,24,0,16,1,0
00:50:00,501201003,10,0,13,1,0
00:50:00,501201004,1,0,12,1,0
00:50:00,501201005,2,0,17,1,0
00:50:00,501201006,5,1,23,1,0
00:50:00,501201007,19,2,0,1,0
00:50:00,501201008,7,0,18,1,0
00:50:00,501201010,4,1,6,1,0
00:50:00,501201011,7,0,15,1,0
00:50:00,501201012,12,3,28,1,0
00:50:00,501201013,13,0,9,1,0
00:50:00,501201014,11,3,8,1,0
00:50:00,501201015,9,0,16,1,0
00:50:00,501201016,5,0,19,1,0
00:50:00,501201017,4,0,22,1,0
00:50:00,501201018,16,1,6,1,0
00:50:00,501201019,14,1,13,1,0
00:50:00,501201020,12,0,12,1,0
00:50:00,501201021,4,0,11,1,0
00:50:00,501201022,5,0,11,1,0
00:50:00,501201023,9,0,19,1,0
00:50:00,501201024,10,0,13,1,0
00:50:00,501201025,17,7,7,1,0
00:50:00,501201026,7,2,12,1,0
00:50:00,501201028,14,1,6,1,0
00:50:00,501201029,4,0,9,1,0
00:50:00,501201030,8,1,6,1,0
00:50:00,501201031,7,0,10,1,0
00:50:00,501202001,4,1,10,1,0
00:50:00,501202003,12,1,28,1,0
00:50:00,501202013,4,0,13,1,0
00:50:00,501202023,6,0,9,1,0
00:50:00,501202024,1,0,14,1,0
00:50:00,501202034,9,1,7,1,0
00:50:00,501202035,27,0,3,1,0
00:50:00,501202036,17,0,22,1,0
00:50:00,501202040,13,0,32,1,0
00:50:00,501202043,18,1,7,1,0
00:50:00,501202044,0,0,0,2,0
00:50:00,501202047,7,0,15,1,0
00:50:00,501202050,0,0,15,1,0
00:50:00,501202055,10,0,5,1,0
00:50:00,501202058,7,2,8,1,0
00:50:00,501202065,6,0,8,1,0
00:50:00,501202068,7,1,11,1,0
00:50:00,501202070,5,0,11,1,0
00:50:00,501202078,13,0,12,1,0
00:50:00,501202080,18,2,8,1,0
00:50:00,501202081,0,0,23,1,0
00:50:00,501202082,3,0,20,1,0
00:50:00,501202083,13,0,11,1,0
00:50:00,501202084,1,0,23,1,0
00:50:00,501202085,3,0,32,1,0
00:50:00,501202088,5,0,25,1,0
00:50:00,501202089,13,1,16,1,0
00:50:00,501202096,9,0,6,1,0
00:50:00,501203001,1,0,19,1,0
00:50:00,501203002,3,1,19,1,0
00:50:00,501203003,1,0,90,1,0
00:50:00,501203005,6,0,14,1,0
00:50:00,501203006,1,0,13,1,0
00:50:00,501203007,9,2,6,1,0
00:50:00,501203008,6,0,10,1,0
00:50:00,501203010,14,0,18,1,0
00:50:00,501203011,13,2,24,1,0
00:50:00,501203012,9,1,8,1,0
00:50:00,501203013,8,3,16,1,0
00:50:00,501203015,9,2,3,1,0
00:50:00,501203020,1,0,19,1,0
00:50:00,501203022,5,0,14,1,0
00:50:00,501203023,8,2,10,1,0
00:50:00,501203028,4,0,21,1,0
00:50:00,501203040,1,0,21,1,0
00:50:00,501203045,16,0,2,1,0
00:50:00,501203050,0,0,59,1,0
00:50:00,501203051,10,0,14,1,0
00:50:00,501203053,0,0,25,1,0
00:50:00,501203054,10,3,12,1,0
00:50:00,501203064,5,0,11,1,0
00:50:00,501203065,6,0,10,1,0
00:50:00,501203070,1,0,14,1,0
00:50:00,501203073,5,0,19,1,0
00:50:00,501203076,10,0,6,1,0
00:50:00,501203078,6,1,10,1,0
00:50:00,501203080,11,0,4,1,0
00:50:00,501203084,11,0,0,1,0
00:50:00,501203085,3,0,7,1,0
00:50:00,501203088,1,0,13,1,0
00:50:00,501203089,1,0,11,1,0
00:50:00,501203090,3,0,7,1,0
00:50:00,501203091,3,0,9,1,0
00:50:00,501203092,3,0,16,1,0
00:50:00,501203100,7,0,12,1,0
00:50:00,501203101,0,0,0,2,0
00:50:00,501203102,10,0,9,1,0
00:50:00,501203104,6,0,12,1,0
00:50:00,501203105,3,0,8,1,0
00:50:00,501203107,0,0,0,2,0
00:50:00,501203109,5,0,21,1,0
00:50:00,501203110,14,0,28,1,0
00:50:00,501203111,7,1,4,1,0
00:50:00,501203113,6,0,13,1,0
00:50:00,501203114,18,0,31,1,0
00:50:00,501203117,0,0,0,2,0
00:50:00,501203118,3,1,17,1,0
00:50:00,501203121,21,3,2,1,0
00:50:00,501203122,11,0,9,1,0
00:50:00,501203125,8,0,17,1,0
00:50:00,501203131,9,4,11,1,0
00:50:00,501203140,6,0,35,1,0
00:50:00,501203141,6,0,10,1,0
00:50:00,501203142,17,0,56,1,0
00:50:00,501203145,14,0,1,1,0
00:50:00,501203151,17,3,0,1,0
00:50:00,501203155,12,0,6,1,0
00:50:00,501203157,3,0,14,1,0
00:50:00,501203159,1,1,19,1,0
00:50:00,501203161,6,1,13,1,0
00:50:00,501203162,4,0,17,1,0
00:50:00,501203163,7,0,9,1,0
00:50:00,501204001,13,4,12,1,0
00:50:00,501204002,7,1,27,1,0
00:50:00,501204003,13,1,30,1,0
00:50:00,501204004,0,0,14,1,0
00:50:00,501204005,10,3,8,1,0
00:50:00,501204007,1,0,34,1,0
00:50:00,501204008,0,0,14,1,0
00:50:00,501204009,0,0,0,2,0
00:50:00,501204010,0,0,0,2,0
00:50:00,501204011,7,2,8,1,0
00:50:00,501204012,4,1,10,1,0
00:50:00,501204013,13,3,0,1,0
00:50:00,501204014,5,0,11,1,0
00:50:00,501204015,7,1,8,1,0
00:50:00,501204016,1,0,18,1,0
00:50:00,501204017,3,0,12,1,0
00:50:00,501204018,7,0,17,1,0
00:50:00,501204020,10,1,10,1,0
00:50:00,501204021,1,1,19,1,0
00:50:00,501204022,1,0,15,1,0
00:50:00,501204023,11,1,3,1,0
00:50:00,501204024,0,0,0,2,0
00:50:00,501204025,2,0,17,1,0
00:50:00,501205001,3,0,14,1,0
00:50:00,501205003,7,2,12,1,0
00:50:00,501205004,9,3,7,1,0
00:50:00,501205005,7,0,15,1,0
00:50:00,501205006,14,0,5,1,0
00:50:00,501205007,8,3,4,1,0
00:50:00,501205008,14,0,12,1,0
00:50:00,501205009,10,0,35,1,0
00:50:00,501205010,1,1,13,1,0
00:50:00,501205011,0,0,31,1,0
00:50:00,501205012,11,4,9,1,0
00:50:00,501205013,1,1,20,1,0
00:50:00,501205014,17,5,5,1,0
00:50:00,501205015,13,1,5,1,0
00:50:00,501205018,14,1,3,1,0
00:50:00,501205019,3,1,25,1,0
00:50:00,501205020,0,0,29,1,0
00:50:00,501205021,11,2,4,1,0
00:50:00,501205022,5,0,10,1,0
00:50:00,501205023,8,1,7,1,0
00:50:00,501205025,17,0,11,1,0
00:50:00,501205026,16,3,3,1,0
00:50:00,501205027,2,0,8,1,0
00:50:00,501205028,10,0,5,1,0
00:50:00,501205029,4,0,6,1,0
00:50:00,501205030,2,1,8,1,0
00:50:00,501205033,9,0,6,1,0
00:50:00,501205034,1,0,26,1,0
00:50:00,501205035,11,4,5,1,0
00:50:00,501205036,10,0,5,1,0
00:50:00,501205037,1,0,14,1,0
00:50:00,501205038,9,1,11,1,0
00:50:00,501205039,17,1,3,1,0
00:50:00,501205040,4,2,20,1,0
00:50:00,501205041,11,0,6,1,0
00:50:00,501205042,8,3,20,1,0
00:50:00,501208011,7,1,29,1,0
00:50:00,501208013,41,1,13,1,0
00:50:00,501208014,13,0,25,1,0
00:50:00,501208015,1,0,12,1,0
00:50:00,501208018,6,1,9,1,0
00:50:00,501208021,1,0,15,1,0
00:50:00,501208027,10,0,19,1,0
00:50:00,501208029,10,0,11,1,0
00:50:00,501208030,17,0,21,1,0
00:50:00,501208032,5,1,23,1,0
00:50:00,501208040,8,1,11,1,0
00:50:00,501208041,2,0,13,1,0
00:50:00,501208045,13,0,19,1,0
00:50:00,501208051,15,0,20,1,0
00:50:00,501208053,12,1,9,1,0
00:50:00,501208054,3,0,25,1,0
00:50:00,501208059,3,0,26,1,0
00:50:00,501208064,3,0,17,1,0
00:50:00,501208077,9,2,1,1,0
00:50:00,501208079,5,1,17,1,0
00:50:00,501208082,2,0,8,1,0
00:50:00,501208085,14,1,3,1,0
00:50:00,501208087,11,0,19,1,0
00:50:00,501208089,15,4,10,1,0
00:50:00,501208091,7,1,36,1,0
00:50:00,501208111,3,1,11,1,0
00:50:00,501208113,7,0,13,1,0
00:50:00,501208114,10,2,10,1,0
00:50:00,501208129,9,0,14,1,0
00:50:00,501208130,3,0,12,1,0
00:50:00,501209002,5,1,15,1,0
00:50:00,501209003,9,4,5,1,0
00:50:00,501209004,7,1,8,1,0
00:50:00,501209005,7,0,11,1,0
00:50:00,501209006,12,2,7,1,0
00:50:00,501209007,15,6,0,1,0
00:50:00,501209009,0,0,0,2,0
00:50:00,501209010,7,0,6,1,0
00:50:00,501209011,20,1,5,1,0
00:50:00,501209014,8,0,4,1,0
00:50:00,501209015,12,1,3,1,0
00:50:00,501209016,3,3,26,1,0
00:50:00,501209017,9,1,4,1,0
00:50:00,501209018,6,3,11,1,0
00:50:00,501209019,14,1,11,1,0
00:50:00,501209020,7,0,24,1,0
00:50:00,501209021,3,0,10,1,0
00:50:00,501209022,1,0,9,1,0
00:50:00,501209023,2,0,37,1,0
00:50:00,501209024,1,0,41,1,0
00:50:00,501209025,3,0,11,1,0
00:50:00,501209026,5,0,21,1,0
00:50:00,501209027,3,1,16,1,0
00:50:00,501209028,0,0,28,1,0
00:50:00,501209030,14,0,4,1,0
00:50:00,501209031,18,1,12,1,0
00:50:00,501209032,8,0,20,1,0
00:50:00,501209033,16,0,4,1,0
00:50:00,501209034,7,1,8,1,0
00:50:00,501209035,0,0,28,1,0
00:50:00,501209036,3,0,26,1,0
00:50:00,501209037,4,0,31,1,0
00:50:00,501209038,5,2,11,1,0
00:50:00,501209039,30,2,0,1,0
00:50:00,501209040,8,0,23,1,0
00:50:00,501209042,1,0,19,1,0
00:50:00,501209043,6,1,19,1,0
00:50:00,501209044,10,1,5,1,0
00:50:00,501209045,7,0,8,1,0
00:50:00,501209046,4,1,18,1,0
00:50:00,501209047,8,1,6,1,0
00:50:00,501209049,1,0,19,1,0
00:50:00,501209050,6,0,7,1,0
00:50:00,501209051,23,2,1,1,0
00:50:00,501209052,13,5,9,1,0
00:50:00,501209053,1,1,19,1,0
00:50:00,501209054,26,1,1,1,0
00:50:00,501209056,7,1,8,1,0
00:50:00,501209058,15,1,1,1,0
00:50:00,501209059,9,0,6,1,0
00:50:00,501209060,9,0,11,1,0
00:50:00,501209062,3,0,12,1,0
00:50:00,501209064,10,1,5,1,0
00:50:00,501209065,10,0,5,1,0
00:50:00,501209066,13,0,1,1,0
00:50:00,501209067,10,0,5,1,0
00:50:00,501209068,6,2,10,1,0
00:50:00,501209069,17,0,46,1,0
00:50:00,501209070,17,0,0,1,0
00:50:00,501209071,10,0,6,1,0
00:50:00,501209073,11,0,3,1,0
00:50:00,501209074,8,0,15,1,0
00:50:00,501209075,11,0,5,1,0
00:50:00,501209076,8,2,14,1,0
00:50:00,501209077,2,1,13,1,0
00:50:00,501209078,3,0,9,1,0
00:50:00,501209079,1,0,24,1,0
00:50:00,501209080,14,0,13,1,0
00:50:00,501209081,8,0,7,1,0
00:50:00,501209084,5,0,18,1,0
00:50:00,501209085,11,0,17,1,0
00:50:00,501209087,4,0,35,1,0
00:50:00,501209088,5,2,10,1,0
00:50:00,501209089,1,0,19,1,0
00:50:00,501209090,12,0,2,1,0
00:50:00,501209091,6,5,10,1,0
00:50:00,501209092,11,3,5,1,0
00:50:00,501209093,4,1,11,1,0
00:50:00,501209094,9,0,7,1,0
00:50:00,501209095,7,0,6,1,0
00:50:00,501209096,10,0,4,1,0
00:50:00,501209097,4,3,11,1,0
00:50:00,501209098,8,3,7,1,0
00:50:00,501209099,5,0,14,1,0
00:50:00,501209100,5,0,9,1,0
00:50:00,501209101,14,0,0,1,0
00:50:00,501209102,7,1,13,1,0
00:50:00,501209104,0,0,19,1,0
00:50:00,501209105,8,0,17,1,0
00:50:00,501209106,3,1,17,1,0
00:50:00,501211001,26,4,12,1,0
00:50:00,501211002,6,1,9,1,0
00:50:00,501211004,9,0,6,1,0
00:50:00,501211005,18,0,0,1,0
00:50:00,501211006,7,0,9,1,0
00:50:00,501211007,10,1,9,1,0
00:50:00,501211009,11,1,7,1,0
00:50:00,501211011,22,1,8,1,0
00:50:00,501211012,11,3,7,1,0
01:00:00,501201001,0,0,0,2,0
01:00:00,501201002,24,0,16,1,0
01:00:00,501201003,10,0,13,1,0
01:00:00,501201004,1,0,12,1,0
01:00:00,501201005,2,0,17,1,0
01:00:00,501201006,4,0,24,1,0
01:00:00,501201007,19,2,0,1,0
01:00:00,501201008,7,0,18,1,0
01:00:00,501201010,3,0,7,1,0
01:00:00,501201011,7,0,15,1,0
01:00:00,501201012,13,3,27,1,0
01:00:00,501201013,7,0,15,1,0
01:00:00,501201014,11,3,8,1,0
01:00:00,501201015,11,0,14,1,0
01:00:00,501201016,5,0,19,1,0
01:00:00,501201017,4,0,22,1,0
01:00:00,501201018,16,1,6,1,0
01:00:00,501201019,13,1,14,1,0
01:00:00,501201020,12,0,12,1,0
01:00:00,501201021,4,0,11,1,0
01:00:00,501201022,5,0,11,1,0
01:00:00,501201023,9,0,19,1,0
01:00:00,501201024,11,0,12,1,0
01:00:00,501201025,17,7,7,1,0
01:00:00,501201026,7,2,12,1,0
01:00:00,501201028,14,1,6,1,0
01:00:00,501201029,4,0,9,1,0
01:00:00,501201030,8,1,6,1,0
01:00:00,501201031,7,0,10,1,0
01:00:00,501202001,4,1,10,1,0
01:00:00,501202003,13,2,27,1,0
01:00:00,501202013,4,0,13,1,0
01:00:00,501202023,6,0,9,1,0
01:00:00,501202024,1,0,14,1,0
01:00:00,501202034,9,1,7,1,0
01:00:00,501202035,27,0,3,1,0
01:00:00,501202036,17,0,22,1,0
01:00:00,501202040,13,0,32,1,0
01:00:00,501202043,18,1,7,1,0
01:00:00,501202044,0,0,0,2,0
01:00:00,501202047,7,0,15,1,0
01:00:00,501202050,0,0,15,1,0
01:00:00,501202055,6,0,9,1,0
01:00:00,501202058,7,2,8,1,0
01:00:00,501202065,6,0,8,1,0
01:00:00,501202068,7,1,11,1,0
01:00:00,501202070,5,0,11,1,0
01:00:00,501202078,13,0,12,1,0
01:00:00,501202080,18,2,8,1,0
01:00:00,501202081,0,0,23,1,0
01:00:00,501202082,3,0,20,1,0
01:00:00,501202083,13,0,11,1,0
01:00:00,501202084,1,0,23,1,0
01:00:00,501202085,3,0,32,1,0
01:00:00,501202088,5,0,25,1,0
01:00:00,501202089,13,1,16,1,0
01:00:00,501202096,9,0,6,1,0
01:00:00,501203001,0,0,20,1,0
01:00:00,501203002,3,1,19,1,0
01:00:00,501203003,0,0,91,1,0
01:00:00,501203005,6,0,14,1,0
01:00:00,501203006,1,0,13,1,0
01:00:00,501203007,9,2,6,1,0
01:00:00,501203008,6,0,10,1,0
01:00:00,501203010,14,0,18,1,0
01:00:00,501203011,13,2,24,1,0
01:00:00,501203012,9,1,8,1,0
01:00:00,501203013,8,3,16,1,0
01:00:00,501203015,10,2,2,1,0
01:00:00,501203020,1,0,19,1,0
01:00:00,501203022,5,0,14,1,0
01:00:00,501203023,8,2,10,1,0
01:00:00,501203028,4,0,21,1,0
01:00:00,501203040,2,1,20,1,0
01:00:00,501203045,16,0,2,1,0
01:00:00,501203050,0,0,59,1,0
01:00:00,501203051,10,0,14,1,0
01:00:00,501203053,0,0,25,1,0
01:00:00,501203054,10,3,12,1,0
01:00:00,501203064,5,0,11,1,0
01:00:00,501203065,6,0,10,1,0
01:00:00,501203070,1,0,14,1,0
01:00:00,501203073,5,0,19,1,0
01:00:00,501203076,10,0,6,1,0
01:00:00,501203078,6,1,10,1,0
01:00:00,501203080,12,0,3,1,0
01:00:00,501203084,11,0,0,1,0
01:00:00,501203085,3,0,7,1,0
01:00:00,501203088,1,0,13,1,0
01:00:00,501203089,1,0,11,1,0
01:00:00,501203090,3,0,7,1,0
01:00:00,501203091,3,0,9,1,0
01:00:00,501203092,3,0,16,1,0
01:00:00,501203100,7,0,12,1,0
01:00:00,501203101,0,0,0,2,0
01:00:00,501203102,8,0,11,1,0
01:00:00,501203104,8,0,10,1,0
01:00:00,501203105,3,0,8,1,0
01:00:00,501203107,0,0,0,2,0
01:00:00,501203109,5,0,21,1,0
01:00:00,501203110,14,0,28,1,0
01:00:00,501203111,8,1,3,1,0
01:00:00,501203113,6,0,13,1,0
01:00:00,501203114,18,0,31,1,0
01:00:00,501203117,0,0,0,2,0
01:00:00,501203118,3,1,17,1,0
01:00:00,501203121,21,3,2,1,0
01:00:00,501203122,11,0,9,1,0
01:00:00,501203125,8,0,17,1,0
01:00:00,501203131,9,4,11,1,0
01:00:00,501203140,6,0,35,1,0
01:00:00,501203141,6,0,10,1,0
01:00:00,501203142,18,0,55,1,0
01:00:00,501203145,14,0,1,1,0
01:00:00,501203151,17,3,0,1,0
01:00:00,501203155,12,0,6,1,0
01:00:00,501203157,3,0,14,1,0
01:00:00,501203159,1,1,19,1,0
01:00:00,501203161,6,1,13,1,0
01:00:00,501203162,4,0,17,1,0
01:00:00,501203163,7,0,9,1,0
01:00:00,501204001,13,4,12,1,0
01:00:00,501204002,7,1,27,1,0
01:00:00,501204003,13,1,30,1,0
01:00:00,501204004,0,0,14,1,0
01:00:00,501204005,10,3,8,1,0
01:00:00,501204007,2,0,33,1,0
01:00:00,501204008,0,0,14,1,0
01:00:00,501204009,0,0,0,2,0
01:00:00,501204010,0,0,0,2,0
01:00:00,501204011,8,3,7,1,0
01:00:00,501204012,4,1,10,1,0
01:00:00,501204013,11,1,1,1,0
01:00:00,501204014,5,0,11,1,0
01:00:00,501204015,7,1,8,1,0
01:00:00,501204016,1,0,18,1,0
01:00:00,501204017,3,0,12,1,0
01:00:00,501204018,7,0,17,1,0
01:00:00,501204020,11,2,9,1,0
01:00:00,501204021,1,1,19,1,0
01:00:00,501204022,1,0,15,1,0
01:00:00,501204023,10,0,4,1,0
01:00:00,501204024,0,0,0,2,0
01:00:00,501204025,2,0,17,1,0
01:00:00,501205001,3,0,14,1,0
01:00:00,501205003,8,2,11,1,0
01:00:00,501205004,9,3,7,1,0
01:00:00,501205005,7,0,15,1,0
01:00:00,501205006,14,0,5,1,0
01:00:00,501205007,8,3,4,1,0
01:00:00,501205008,15,1,11,1,0
01:00:00,501205009,10,0,35,1,0
01:00:00,501205010,1,1,13,1,0
01:00:00,501205011,0,0,31,1,0
01:00:00,501205012,11,4,9,1,0
01:00:00,501205013,1,1,20,1,0
01:00:00,501205014,18,6,4,1,0
01:00:00,501205015,13,1,5,1,0
01:00:00,501205018,14,1,3,1,0
01:00:00,501205019,3,1,25,1,0
01:00:00,501205020,0,0,29,1,0
01:00:00,501205021,11,2,4,1,0
01:00:00,501205022,5,0,10,1,0
01:00:00,501205023,8,1,7,1,0
01:00:00,501205025,17,0,11,1,0
01:00:00,501205026,16,3,3,1,0
01:00:00,501205027,2,0,8,1,0
01:00:00,501205028,10,0,5,1,0
01:00:00,501205029,4,0,6,1,0
01:00:00,501205030,2,1,8,1,0
01:00:00,501205033,9,0,6,1,0
01:00:00,501205034,1,0,26,1,0
01:00:00,501205035,11,4,5,1,0
01:00:00,501205036,9,0,6,1,0
01:00:00,501205037,1,0,14,1,0
01:00:00,501205038,9,1,11,1,0
01:00:00,501205039,17,1,3,1,0
01:00:00,501205040,2,0,22,1,0
01:00:00,501205041,12,0,5,1,0
01:00:00,501205042,8,3,20,1,0
01:00:00,501208011,7,1,29,1,0
01:00:00,501208013,41,1,13,1,0
01:00:00,501208014,13,0,25,1,0
01:00:00,501208015,1,0,12,1,0
01:00:00,501208018,6,1,9,1,0
01:00:00,501208021,1,0,15,1,0
01:00:00,501208027,10,0,19,1,0
01:00:00,501208029,10,0,11,1,0
01:00:00,501208030,17,0,21,1,0
01:00:00,501208032,5,1,23,1,0
01:00:00,501208040,8,1,11,1,0
01:00:00,501208041,2,0,13,1,0
01:00:00,501208045,13,0,19,1,0
01:00:00,501208051,16,0,19,1,0
01:00:00,501208053,11,1,10,1,0
01:00:00,501208054,3,0,25,1,0
01:00:00,501208059,3,0,26,1,0
01:00:00,501208064,3,0,17,1,0
01:00:00,501208077,9,2,1,1,0
01:00:00,501208079,5,1,17,1,0
01:00:00,501208082,2,0,8,1,0
01:00:00,501208085,15,1,2,1,0
01:00:00,501208087,11,0,19,1,0
01:00:00,501208089,15,4,10,1,0
01:00:00,501208091,7,1,36,1,0
01:00:00,501208111,2,0,12,1,0
01:00:00,501208113,6,0,14,1,0
01:00:00,501208114,10,2,10,1,0
01:00:00,501208129,9,0,14,1,0
01:00:00,501208130,3,0,12,1,0
01:00:00,501209002,5,1,15,1,0
01:00:00,501209003,9,4,5,1,0
01:00:00,501209004,7,1,8,1,0
01:00:00,501209005,7,0,11,1,0
01:00:00,501209006,12,2,7,1,0
01:00:00,501209007,15,6,0,1,0
01:00:00,501209009,0,0,0,2,0
01:00:00,501209010,7,0,6,1,0
01:00:00,501209011,20,1,5,1,0
01:00:00,501209014,8,0,4,1,0
01:00:00,501209015,12,1,3,1,0
01:00:00,501209016,3,3,26,1,0
01:00:00,501209017,9,1,4,1,0
01:00:00,501209018,6,3,11,1,0
01:00:00,501209019,13,1,12,1,0
01:00:00,501209020,7,0,24,1,0
01:00:00,501209021,3,0,10,1,0
01:00:00,501209022,1,0,9,1,0
01:00:00,501209023,2,0,37,1,0
01:00:00,501209024,1,0,41,1,0
01:00:00,501209025,3,0,11,1,0
01:00:00,501209026,5,0,21,1,0
01:00:00,501209027,3,1,16,1,0
01:00:00,501209028,0,0,28,1,0
01:00:00,501209030,14,0,4,1,0
01:00:00,501209031,18,1,12,1,0
01:00:00,501209032,10,0,18,1,0
01:00:00,501209033,17,0,3,1,0
01:00:00,501209034,7,1,8,1,0
01:00:00,501209035,0,0,28,1,0
01:00:00,501209036,3,0,26,1,0
01:00:00,501209037,4,0,31,1,0
01:00:00,501209038,5,2,11,1,0
01:00:00,501209039,30,2,0,1,0
01:00:00,501209040,8,0,22,1,0
01:00:00,501209042,1,0,19,1,0
01:00:00,501209043,5,1,20,1,0
01:00:00,501209044,10,1,5,1,0
01:00:00,501209045,7,0,8,1,0
01:00:00,501209046,4,1,18,1,0
01:00:00,501209047,8,1,6,1,0
01:00:00,501209049,1,0,19,1,0
01:00:00,501209050,6,0,7,1,0
01:00:00,501209051,24,2,0,1,0
01:00:00,501209052,13,5,9,1,0
01:00:00,501209053,1,1,19,1,0
01:00:00,501209054,26,1,1,1,0
01:00:00,501209056,7,1,8,1,0
01:00:00,501209058,15,1,1,1,0
01:00:00,501209059,9,0,6,1,0
01:00:00,501209060,9,0,11,1,0
01:00:00,501209062,3,0,12,1,0
01:00:00,501209064,10,1,5,1,0
01:00:00,501209065,10,0,5,1,0
01:00:00,501209066,13,0,1,1,0
01:00:00,501209067,10,0,5,1,0
01:00:00,501209068,6,2,10,1,0
01:00:00,501209069,17,0,46,1,0
01:00:00,501209070,17,0,0,1,0
01:00:00,501209071,10,0,6,1,0
01:00:00,501209073,11,0,3,1,0
01:00:00,501209074,8,0,15,1,0
01:00:00,501209075,11,0,5,1,0
01:00:00,501209076,8,2,14,1,0
01:00:00,501209077,2,1,13,1,0
01:00:00,501209078,3,0,9,1,0
01:00:00,501209079,1,0,24,1,0
01:00:00,501209080,15,1,12,1,0
01:00:00,501209081,8,0,7,1,0
01:00:00,501209084,5,0,18,1,0
01:00:00,501209085,11,0,17,1,0
01:00:00,501209087,4,0,35,1,0
01:00:00,501209088,5,2,10,1,0
01:00:00,501209089,1,0,19,1,0
01:00:00,501209090,12,0,2,1,0
01:00:00,501209091,6,5,10,1,0
01:00:00,501209092,11,3,5,1,0
01:00:00,501209093,4,1,11,1,0
01:00:00,501209094,9,0,7,1,0
01:00:00,501209095,7,0,6,1,0
01:00:00,501209096,10,0,4,1,0
01:00:00,501209097,4,3,11,1,0
01:00:00,501209098,8,3,7,1,0
01:00:00,501209099,5,0,14,1,0
01:00:00,501209100,5,0,9,1,0
01:00:00,501209101,14,0,0,1,0
01:00:00,501209102,7,1,13,1,0
01:00:00,501209104,0,0,19,1,0
01:00:00,501209105,8,0,17,1,0
01:00:00,501209106,3,1,17,1,0
01:00:00,501211001,26,4,12,1,0
01:00:00,501211002,6,1,9,1,0
01:00:00,501211004,10,1,5,1,0
01:00:00,501211005,18,0,0,1,0
01:00:00,501211006,7,0,9,1,0
01:00:00,501211007,10,1,9,1,0
01:00:00,501211009,11,1,7,1,0
01:00:00,501211011,22,1,8,1,0
01:00:00,501211012,11,3,7,1,0
